cust_id,name,signup_dete
1,John Jones,2022-06-23
2,Patricia Garcia,2022-08-08
3,Robert Johnson,2023-09-23
4,Robert Johnson,2023-09-14
5,David Williams,2022-08-07
6,John Smith,2023-04-26
7,James Martinez,2023-02-03
8,David Johnson,2023-10-06
9,Mary Williams,2023-06-09
10,Elizabeth Martinez,2023-01-13
11,Robert Davis,2023-09-26
12,Jennifer Rodriguez,2022-03-26
13,David Rodriguez,2023-05-23
14,Patricia Martinez,2022-02-14
15,Jennifer Jones,2022-08-16
16,Linda Brown,2023-09-24
17,Michael Brown,2023-07-10
18,James Brown,2023-08-08
19,Elizabeth Smith,2022-02-07
20,Mary Smith,2022-08-07
21,Linda Rodriguez,2023-04-12
22,Jennifer Johnson,2022-03-16
23,Patricia Martinez,2023-04-29
24,David Williams,2022-12-04
25,Patricia Martinez,2023-05-28
26,Linda Martinez,2022-09-13
27,David Jones,2022-08-18
28,Mary Smith,2022-08-31
29,Robert Johnson,2023-09-14
30,James Miller,2022-10-23
31,Robert Johnson,2023-09-12
32,Jennifer Smith,2022-08-15
33,Mary Brown,2022-09-08
34,David Rodriguez,2022-02-21
35,James Martinez,2023-05-18
36,Robert Brown,2022-12-19
37,Jennifer Smith,2023-04-13
38,Robert Garcia,2022-10-30
39,Michael Garcia,2022-04-26
40,Mary Rodriguez,2022-05-07
41,Michael Rodriguez,2022-10-28
42,Linda Smith,2022-10-09
43,John Martinez,2023-11-23
44,Jennifer Martinez,2023-01-07
45,Michael Williams,2023-01-08
46,David Brown,2023-05-17
47,James Williams,2022-02-22
48,Michael Garcia,2022-11-26
49,Jennifer Johnson,2022-12-17
50,John Brown,2023-07-16
51,Linda Martinez,2023-06-01
52,Mary Davis,2023-03-31
53,Robert Brown,2023-10-03
54,James Williams,2023-10-26
55,Patricia Smith,2023-08-10
56,James Davis,2023-09-16
57,John Williams,2023-06-11
58,Elizabeth Johnson,2022-07-16
59,Robert Smith,2022-03-02
60,David Jones,2022-07-17
61,James Miller,2022-12-01
62,Robert Rodriguez,2023-04-11
63,Patricia Smith,2022-05-27
64,John Rodriguez,2022-06-12
65,Mary Smith,2023-06-22
66,Elizabeth Davis,2023-10-11
67,Linda Williams,2022-07-16
68,Patricia Jones,2022-07-07
69,James Martinez,2022-01-24
70,Jennifer Garcia,2022-09-12
71,James Martinez,2023-08-03
72,Elizabeth Johnson,2023-11-11
73,Elizabeth Garcia,2023-06-01
74,John Johnson,2023-11-08
75,Elizabeth Williams,2022-12-04
76,Patricia Brown,2022-09-15
77,Patricia Johnson,2023-01-11
78,James Martinez,2022-11-09
79,Elizabeth Williams,2023-01-06
80,Jennifer Jones,2023-02-21
81,James Smith,2022-07-18
82,Elizabeth Davis,2023-06-24
83,Patricia Davis,2022-04-26
84,Jennifer Rodriguez,2022-06-02
85,James Davis,2023-06-25
86,Michael Smith,2022-06-27
87,Jennifer Miller,2023-03-16
88,David Martinez,2022-11-02
89,Jennifer Johnson,2023-02-02
90,Robert Smith,2023-11-04
91,Elizabeth Miller,2022-05-12
92,Elizabeth Miller,2023-10-07
93,Linda Smith,2023-06-01
94,John Brown,2022-02-24
95,Robert Miller,2022-08-27
96,Michael Garcia,2023-08-13
97,James Martinez,2022-08-09
98,David Rodriguez,2023-07-06
99,James Johnson,2023-02-01
100,Linda Rodriguez,2023-04-21
101,Patricia Johnson,2023-09-18
102,David Williams,2022-03-10
103,Linda Garcia,2022-05-19
104,Elizabeth Miller,2022-10-13
105,Jennifer Garcia,2023-08-03
106,David Miller,2023-01-13
107,David Jones,2023-03-31
108,David Davis,2023-04-12
109,Michael Smith,2023-11-28
110,James Rodriguez,2023-02-15
111,Jennifer Williams,2023-11-30
112,James Williams,2023-06-13
113,Patricia Miller,2022-08-01
114,Patricia Martinez,2022-06-09
115,Patricia Garcia,2022-04-27
116,David Martinez,2022-08-04
117,Michael Davis,2023-03-01
118,Jennifer Martinez,2022-12-05
119,John Johnson,2023-10-09
120,Jennifer Martinez,2023-09-08
121,John Rodriguez,2022-07-24
122,Linda Jones,2023-08-06
123,David Rodriguez,2022-11-29
124,Elizabeth Williams,2023-06-25
125,Patricia Jones,2022-02-06
126,David Miller,2022-08-23
127,Linda Garcia,2022-06-03
128,Michael Smith,2022-01-04
129,Michael Rodriguez,2022-06-07
130,Jennifer Brown,2023-11-08
131,Patricia Garcia,2022-04-29
132,John Johnson,2022-03-27
133,Michael Martinez,2022-06-09
134,Linda Jones,2022-01-06
135,Linda Brown,2022-05-30
136,Mary Jones,2023-02-18
137,Elizabeth Johnson,2022-04-26
138,Robert Davis,2022-04-11
139,John Rodriguez,2022-09-24
140,Michael Jones,2022-05-21
141,Mary Jones,2023-09-06
142,Elizabeth Miller,2022-06-02
143,Robert Johnson,2023-09-08
144,Michael Smith,2023-06-28
145,Patricia Johnson,2023-05-27
146,David Williams,2023-06-02
147,David Rodriguez,2022-03-06
148,Robert Miller,2022-08-31
149,Michael Johnson,2022-08-26
150,Robert Jones,2023-01-21
151,Michael Garcia,2022-02-13
152,Linda Smith,2023-09-25
153,Jennifer Johnson,2023-09-11
154,James Williams,2023-04-12
155,Robert Davis,2022-08-08
156,Robert Rodriguez,2023-05-10
157,Mary Jones,2022-05-02
158,Linda Miller,2022-12-20
159,Elizabeth Johnson,2022-10-19
160,Michael Brown,2022-03-21
161,Jennifer Brown,2023-01-19
162,David Martinez,2023-09-29
163,Jennifer Johnson,2023-01-21
164,Mary Johnson,2023-01-06
165,Mary Jones,2023-09-25
166,Patricia Miller,2022-06-07
167,James Miller,2023-09-16
168,John Garcia,2023-07-10
169,John Davis,2022-05-17
170,Michael Williams,2022-06-24
171,Robert Rodriguez,2023-02-06
172,David Smith,2022-05-14
173,Robert Garcia,2023-10-28
174,Mary Jones,2022-01-21
175,Mary Jones,2023-04-15
176,Robert Rodriguez,2022-11-07
177,Linda Garcia,2023-10-10
178,Elizabeth Rodriguez,2022-07-06
179,Michael Miller,2023-03-08
180,Linda Miller,2023-08-28
181,Elizabeth Garcia,2022-07-26
182,Robert Jones,2022-04-03
183,Linda Martinez,2023-06-04
184,Michael Miller,2022-06-07
185,James Martinez,2022-12-28
186,Elizabeth Rodriguez,2022-08-27
187,Patricia Miller,2022-05-08
188,Robert Smith,2022-03-13
189,Jennifer Garcia,2022-09-18
190,Jennifer Johnson,2022-12-28
191,Linda Brown,2023-06-15
192,Robert Miller,2022-09-19
193,Jennifer Davis,2023-06-21
194,Elizabeth Williams,2023-11-08
195,Robert Williams,2022-03-08
196,Mary Smith,2023-06-28
197,Linda Brown,2022-08-29
198,Patricia Jones,2023-08-21
199,Linda Rodriguez,2023-06-24
200,Elizabeth Williams,2022-02-11
201,Linda Martinez,2022-06-18
202,Jennifer Smith,2023-11-06
203,James Brown,2023-08-11
204,Michael Smith,2023-03-09
205,Elizabeth Martinez,2023-07-19
206,Robert Williams,2023-08-24
207,James Davis,2022-01-26
208,Mary Williams,2022-11-20
209,Linda Garcia,2023-02-01
210,James Rodriguez,2022-01-06
211,Jennifer Miller,2023-10-18
212,David Miller,2023-11-16
213,David Miller,2023-04-29
214,Robert Williams,2023-09-25
215,Elizabeth Martinez,2022-10-12
216,Robert Rodriguez,2022-01-02
217,Mary Jones,2023-08-31
218,James Brown,2022-11-17
219,James Smith,2022-11-12
220,Jennifer Williams,2022-03-09
221,James Brown,2023-02-25
222,Patricia Davis,2022-05-16
223,Elizabeth Davis,2022-10-07
224,Patricia Johnson,2023-08-31
225,Mary Williams,2022-09-13
226,James Jones,2022-07-16
227,James Brown,2023-03-27
228,Jennifer Garcia,2023-08-18
229,Michael Davis,2022-09-11
230,John Smith,2023-07-17
231,David Brown,2023-08-11
232,Linda Johnson,2023-01-28
233,Michael Garcia,2023-01-30
234,Linda Davis,2022-01-16
235,Linda Brown,2022-07-09
236,Michael Miller,2022-05-19
237,John Rodriguez,2022-01-05
238,Linda Johnson,2022-05-19
239,Michael Garcia,2023-02-14
240,David Garcia,2023-11-02
241,Michael Smith,2023-04-05
242,John Johnson,2023-06-05
243,John Garcia,2022-10-18
244,David Smith,2023-11-02
245,Jennifer Davis,2022-02-15
246,Mary Rodriguez,2023-05-06
247,Robert Garcia,2022-09-29
248,Robert Johnson,2022-02-18
249,David Smith,2023-11-22
250,Patricia Johnson,2022-07-08
251,Michael Jones,2023-07-05
252,John Martinez,2023-04-30
253,John Smith,2022-11-11
254,Michael Williams,2023-04-14
255,John Brown,2023-08-31
256,Mary Jones,2023-10-30
257,Jennifer Williams,2022-12-25
258,Patricia Jones,2022-11-29
259,Jennifer Jones,2022-03-12
260,Jennifer Jones,2023-01-16
261,David Jones,2023-08-12
262,Elizabeth Williams,2022-03-11
263,David Miller,2022-09-12
264,Michael Garcia,2022-08-21
265,Patricia Rodriguez,2022-08-07
266,Linda Smith,2023-02-19
267,Robert Davis,2022-08-30
268,Mary Williams,2022-12-27
269,David Jones,2022-03-16
270,Patricia Rodriguez,2022-09-02
271,Elizabeth Garcia,2023-01-17
272,James Davis,2023-10-13
273,Michael Miller,2023-04-07
274,John Rodriguez,2022-10-18
275,Linda Williams,2023-07-31
276,John Garcia,2022-05-01
277,Jennifer Johnson,2023-02-20
278,James Davis,2022-04-12
279,Elizabeth Miller,2023-02-12
280,Jennifer Davis,2023-04-12
281,Michael Smith,2023-04-04
282,Patricia Rodriguez,2023-06-04
283,Mary Davis,2022-08-05
284,Mary Miller,2023-05-12
285,Jennifer Williams,2023-10-05
286,James Miller,2022-12-24
287,John Miller,2023-02-02
288,Robert Smith,2022-08-19
289,David Garcia,2022-10-07
290,Jennifer Brown,2022-11-13
291,Mary Rodriguez,2023-06-06
292,Mary Smith,2023-08-04
293,Mary Johnson,2022-11-15
294,Michael Williams,2022-02-11
295,Mary Martinez,2023-08-22
296,Michael Johnson,2022-01-20
297,James Miller,2022-09-23
298,Patricia Jones,2023-04-30
299,Patricia Brown,2023-05-19
300,Mary Smith,2023-01-10
301,Elizabeth Rodriguez,2022-02-13
302,Patricia Johnson,2023-01-04
303,James Williams,2022-02-02
304,Elizabeth Jones,2023-03-21
305,John Rodriguez,2022-07-14
306,Patricia Rodriguez,2022-08-01
307,John Miller,2023-11-06
308,James Brown,2022-07-23
309,Michael Johnson,2023-08-30
310,Patricia Martinez,2022-07-13
311,Linda Davis,2023-06-04
312,Jennifer Smith,2022-07-15
313,John Smith,2023-02-25
314,Elizabeth Davis,2022-07-27
315,Michael Johnson,2023-08-02
316,Mary Rodriguez,2022-06-16
317,Jennifer Jones,2023-03-15
318,Jennifer Brown,2022-11-11
319,Elizabeth Jones,2022-11-08
320,Robert Davis,2023-01-02
321,Patricia Miller,2022-06-30
322,Jennifer Williams,2023-09-16
323,Michael Miller,2022-06-30
324,John Jones,2022-11-20
325,Mary Johnson,2023-09-01
326,Robert Garcia,2022-11-26
327,David Brown,2023-11-15
328,Elizabeth Jones,2023-11-07
329,James Davis,2023-07-13
330,James Miller,2023-11-13
331,Jennifer Brown,2023-07-28
332,Robert Smith,2023-03-20
333,Robert Smith,2023-02-16
334,Linda Rodriguez,2022-09-21
335,Jennifer Smith,2022-10-25
336,Michael Martinez,2023-04-01
337,James Rodriguez,2022-11-10
338,James Smith,2023-08-18
339,Michael Smith,2022-04-04
340,John Williams,2022-11-10
341,Michael Brown,2023-11-25
342,James Garcia,2023-02-01
343,Mary Miller,2022-02-13
344,Robert Rodriguez,2023-04-02
345,Michael Davis,2023-03-07
346,Mary Rodriguez,2023-09-14
347,Jennifer Johnson,2022-09-09
348,John Garcia,2022-08-30
349,Robert Jones,2022-12-14
350,Jennifer Garcia,2022-05-10
351,Michael Rodriguez,2022-09-28
352,David Garcia,2022-02-27
353,Jennifer Davis,2022-07-20
354,Jennifer Martinez,2023-10-04
355,Patricia Martinez,2023-09-25
356,John Martinez,2022-05-23
357,Mary Rodriguez,2022-01-12
358,Mary Williams,2023-03-19
359,Elizabeth Rodriguez,2023-02-04
360,David Brown,2023-01-01
361,Robert Johnson,2022-04-24
362,David Miller,2022-01-18
363,Elizabeth Johnson,2022-02-23
364,James Smith,2023-07-25
365,Jennifer Miller,2022-09-26
366,David Jones,2022-03-07
367,Mary Miller,2022-11-13
368,James Brown,2023-08-18
369,Michael Martinez,2023-10-24
370,Michael Miller,2022-09-14
371,Robert Davis,2023-10-08
372,Robert Williams,2023-11-25
373,Patricia Martinez,2022-10-07
374,Mary Jones,2023-05-09
375,Robert Miller,2022-06-19
376,James Brown,2022-10-03
377,Jennifer Garcia,2023-10-13
378,Elizabeth Williams,2022-12-10
379,Jennifer Martinez,2022-02-01
380,Elizabeth Martinez,2023-06-02
381,Jennifer Rodriguez,2022-12-05
382,Mary Jones,2022-12-04
383,Patricia Rodriguez,2023-09-28
384,Patricia Williams,2023-11-14
385,David Jones,2023-05-18
386,John Miller,2022-05-06
387,Michael Johnson,2022-01-11
388,John Martinez,2023-09-26
389,Robert Jones,2023-11-19
390,Jennifer Miller,2022-11-03
391,Jennifer Martinez,2022-08-16
392,Elizabeth Miller,2022-12-02
393,Jennifer Brown,2023-03-22
394,John Rodriguez,2023-05-14
395,Elizabeth Miller,2022-04-10
396,Mary Rodriguez,2022-12-16
397,Jennifer Williams,2023-02-17
398,Jennifer Smith,2023-07-07
399,John Johnson,2023-03-30
400,David Rodriguez,2022-05-24
401,Michael Jones,2023-08-01
402,Patricia Johnson,2023-07-17
403,Michael Smith,2022-12-26
404,John Miller,2023-11-11
405,Jennifer Davis,2023-04-13
406,Linda Smith,2022-07-28
407,Jennifer Smith,2022-06-28
408,John Garcia,2023-06-12
409,Elizabeth Martinez,2022-05-06
410,Mary Miller,2023-10-13
411,Michael Smith,2022-01-28
412,Robert Miller,2022-12-28
413,Mary Williams,2023-05-17
414,John Smith,2022-03-12
415,Elizabeth Martinez,2022-04-02
416,Mary Davis,2022-11-16
417,Elizabeth Johnson,2022-07-27
418,James Rodriguez,2023-02-14
419,Linda Williams,2023-02-04
420,Elizabeth Johnson,2023-10-08
421,John Davis,2023-08-05
422,Linda Martinez,2023-07-24
423,John Johnson,2022-11-04
424,Elizabeth Garcia,2023-07-05
425,Patricia Williams,2023-03-24
426,James Davis,2022-05-27
427,Linda Smith,2023-03-19
428,John Williams,2022-01-13
429,Elizabeth Rodriguez,2023-02-14
430,Patricia Davis,2023-07-16
431,Elizabeth Davis,2022-10-02
432,David Rodriguez,2022-04-27
433,David Johnson,2022-08-08
434,Jennifer Martinez,2023-11-16
435,James Miller,2022-03-29
436,Jennifer Davis,2023-08-09
437,Robert Rodriguez,2022-01-27
438,John Martinez,2023-07-24
439,James Smith,2022-06-13
440,Jennifer Jones,2022-06-15
441,Patricia Rodriguez,2022-11-23
442,Michael Davis,2023-03-02
443,David Martinez,2023-11-22
444,Jennifer Martinez,2022-06-29
445,James Davis,2023-03-16
446,David Brown,2022-08-11
447,John Smith,2022-12-29
448,Patricia Martinez,2022-08-29
449,James Smith,2023-05-21
450,John Garcia,2022-01-25
451,Patricia Johnson,2022-11-10
452,Jennifer Davis,2023-04-07
453,James Davis,2023-05-02
454,Patricia Martinez,2023-01-21
455,John Martinez,2022-11-05
456,Robert Rodriguez,2023-01-19
457,Robert Rodriguez,2023-05-16
458,Elizabeth Brown,2022-05-11
459,David Williams,2023-08-24
460,Michael Johnson,2022-12-29
461,Linda Davis,2022-12-01
462,Michael Smith,2023-10-19
463,Michael Williams,2022-12-20
464,Robert Johnson,2023-11-25
465,James Williams,2022-11-02
466,Michael Martinez,2022-10-05
467,Linda Miller,2022-09-26
468,James Miller,2022-05-01
469,Robert Rodriguez,2023-03-29
470,John Smith,2023-07-08
471,Robert Garcia,2022-12-25
472,Linda Jones,2023-07-12
473,John Johnson,2022-04-01
474,Elizabeth Smith,2022-03-08
475,Patricia Jones,2022-02-17
476,Linda Rodriguez,2022-01-28
477,James Smith,2022-05-20
478,Mary Smith,2023-06-28
479,Mary Brown,2023-09-28
480,Linda Miller,2022-05-04
481,Michael Martinez,2023-01-27
482,John Garcia,2023-09-09
483,Patricia Martinez,2022-06-18
484,James Rodriguez,2023-01-31
485,David Rodriguez,2022-04-09
486,Robert Miller,2022-10-27
487,Elizabeth Martinez,2023-06-05
488,David Rodriguez,2022-05-15
489,Linda Davis,2023-08-25
490,Jennifer Smith,2022-10-10
491,David Garcia,2022-01-06
492,James Rodriguez,2022-03-27
493,Elizabeth Rodriguez,2023-02-22
494,James Davis,2022-10-21
495,Jennifer Davis,2022-05-05
496,Mary Miller,2022-01-14
497,James Smith,2023-07-18
498,Elizabeth Jones,2022-02-20
499,John Davis,2023-04-22
500,John Davis,2023-01-28
501,Linda Martinez,2023-03-10
502,Michael Rodriguez,2023-05-19
503,James Brown,2022-03-21
504,Elizabeth Martinez,2022-06-11
505,Jennifer Brown,2022-01-24
506,James Jones,2023-03-03
507,Jennifer Williams,2022-04-11
508,James Brown,2022-11-05
509,David Brown,2022-07-31
510,Robert Martinez,2023-04-14
511,Michael Johnson,2023-01-30
512,Linda Garcia,2022-05-23
513,Robert Garcia,2022-11-29
514,Robert Rodriguez,2023-08-05
515,David Davis,2023-10-11
516,Linda Smith,2022-08-19
517,Robert Johnson,2022-03-10
518,Mary Miller,2023-01-14
519,Michael Smith,2022-02-04
520,Jennifer Brown,2023-08-11
521,Patricia Martinez,2023-07-07
522,James Miller,2022-11-07
523,Jennifer Jones,2023-03-24
524,Elizabeth Rodriguez,2023-06-18
525,Patricia Miller,2023-05-19
526,Michael Garcia,2022-03-26
527,John Miller,2023-10-12
528,Jennifer Davis,2023-11-11
529,Patricia Rodriguez,2023-09-03
530,Mary Garcia,2022-01-06
531,Robert Jones,2023-07-13
532,John Brown,2022-10-07
533,Linda Davis,2022-02-04
534,Elizabeth Rodriguez,2022-10-15
535,Patricia Brown,2022-04-27
536,Linda Rodriguez,2023-03-11
537,Jennifer Davis,2023-06-20
538,Robert Johnson,2022-02-05
539,Mary Smith,2022-10-20
540,John Davis,2023-09-24
541,Robert Rodriguez,2023-06-05
542,Elizabeth Brown,2022-11-18
543,Mary Brown,2023-11-28
544,David Garcia,2023-03-23
545,Jennifer Martinez,2023-08-12
546,James Martinez,2022-03-03
547,Patricia Johnson,2023-09-10
548,Jennifer Smith,2023-03-26
549,Elizabeth Jones,2023-01-01
550,Michael Brown,2022-11-21
551,Mary Brown,2022-05-17
552,John Martinez,2022-05-03
553,Mary Martinez,2023-01-10
554,John Jones,2023-01-05
555,Robert Miller,2022-02-07
556,Elizabeth Garcia,2023-04-05
557,James Williams,2022-01-10
558,Mary Smith,2022-03-16
559,Mary Jones,2022-03-20
560,David Garcia,2023-11-19
561,Linda Smith,2023-02-11
562,Linda Martinez,2022-08-27
563,John Williams,2022-05-26
564,Patricia Martinez,2022-08-10
565,Mary Smith,2022-02-16
566,Linda Garcia,2022-09-18
567,John Miller,2023-03-09
568,James Smith,2022-06-02
569,Robert Martinez,2022-12-24
570,David Brown,2023-05-04
571,David Garcia,2022-06-15
572,Elizabeth Brown,2022-05-28
573,Linda Smith,2022-08-31
574,James Brown,2022-09-25
575,Michael Rodriguez,2023-07-04
576,John Jones,2022-11-05
577,John Brown,2023-07-09
578,Mary Martinez,2022-01-11
579,Elizabeth Miller,2022-10-26
580,Mary Miller,2023-03-30
581,Robert Johnson,2022-10-20
582,John Johnson,2022-04-20
583,Elizabeth Davis,2022-12-03
584,Patricia Miller,2022-09-01
585,David Jones,2023-04-17
586,Elizabeth Smith,2023-11-07
587,Jennifer Johnson,2022-04-11
588,Elizabeth Rodriguez,2022-07-22
589,James Martinez,2022-01-11
590,Linda Williams,2023-06-26
591,David Jones,2022-05-29
592,Jennifer Smith,2022-11-11
593,John Smith,2023-07-28
594,James Smith,2023-04-28
595,James Johnson,2022-07-17
596,Elizabeth Rodriguez,2023-07-02
597,Robert Brown,2022-05-09
598,John Jones,2023-06-09
599,Mary Davis,2023-06-23
600,Michael Davis,2023-01-14
601,Mary Rodriguez,2023-10-02
602,Elizabeth Davis,2022-01-25
603,Linda Martinez,2022-04-11
604,Robert Smith,2023-08-16
605,Michael Smith,2023-03-31
606,Patricia Jones,2023-09-01
607,John Miller,2023-06-13
608,James Jones,2022-03-17
609,Patricia Rodriguez,2023-01-06
610,Mary Smith,2023-10-25
611,Mary Smith,2022-09-02
612,Elizabeth Johnson,2023-06-02
613,Michael Martinez,2022-11-23
614,James Martinez,2023-02-21
615,Patricia Williams,2022-01-09
616,Patricia Jones,2023-10-02
617,James Brown,2023-04-18
618,John Jones,2023-04-16
619,David Garcia,2023-09-26
620,John Williams,2023-02-25
621,Michael Brown,2022-11-24
622,Elizabeth Johnson,2022-08-18
623,David Miller,2022-06-01
624,Patricia Brown,2022-05-06
625,Jennifer Rodriguez,2022-02-09
626,John Williams,2023-05-19
627,Linda Rodriguez,2023-07-24
628,Mary Rodriguez,2023-05-23
629,Mary Johnson,2022-10-11
630,Linda Johnson,2022-09-24
631,Robert Miller,2022-02-01
632,Patricia Davis,2023-02-15
633,Linda Jones,2023-10-05
634,Robert Williams,2022-02-20
635,James Smith,2023-04-02
636,Linda Miller,2022-03-10
637,Patricia Martinez,2023-09-03
638,Jennifer Jones,2022-04-25
639,Michael Davis,2023-04-15
640,Michael Smith,2022-11-26
641,Michael Martinez,2022-06-24
642,James Smith,2023-02-03
643,John Davis,2022-09-01
644,Michael Smith,2023-08-13
645,Elizabeth Jones,2023-04-12
646,Mary Martinez,2023-06-19
647,Jennifer Williams,2023-04-25
648,David Johnson,2023-11-01
649,Michael Johnson,2022-07-05
650,David Miller,2022-06-20
651,Robert Miller,2022-10-03
652,James Davis,2023-04-17
653,John Rodriguez,2022-05-16
654,Michael Williams,2022-03-27
655,Robert Martinez,2023-01-30
656,Jennifer Brown,2023-04-01
657,James Davis,2023-10-31
658,Mary Williams,2023-10-16
659,Elizabeth Jones,2022-11-01
660,Linda Garcia,2022-12-14
661,Michael Johnson,2022-12-20
662,Elizabeth Johnson,2022-12-24
663,Robert Smith,2023-02-05
664,Jennifer Jones,2023-11-11
665,David Davis,2023-01-26
666,Jennifer Rodriguez,2023-10-20
667,David Brown,2023-07-25
668,John Rodriguez,2022-01-27
669,Elizabeth Williams,2022-08-04
670,Mary Brown,2022-04-23
671,Jennifer Rodriguez,2023-10-24
672,Mary Smith,2022-09-14
673,Patricia Garcia,2022-10-16
674,James Johnson,2023-04-15
675,James Jones,2023-08-21
676,Michael Davis,2023-03-07
677,Elizabeth Johnson,2023-08-13
678,John Johnson,2022-06-16
679,Robert Jones,2022-01-29
680,Michael Johnson,2022-12-05
681,Jennifer Williams,2023-07-04
682,Elizabeth Garcia,2022-04-23
683,Patricia Jones,2023-05-10
684,Patricia Martinez,2023-09-12
685,Jennifer Miller,2022-06-13
686,Linda Miller,2022-09-12
687,Linda Martinez,2023-09-04
688,David Smith,2023-07-22
689,Michael Smith,2022-11-22
690,James Garcia,2023-01-26
691,Patricia Miller,2023-08-16
692,Mary Miller,2022-05-23
693,James Davis,2022-07-06
694,Michael Martinez,2023-09-10
695,Robert Johnson,2023-10-10
696,Elizabeth Smith,2022-12-05
697,Robert Miller,2022-08-14
698,Mary Smith,2022-09-22
699,Jennifer Garcia,2022-05-29
700,Linda Johnson,2023-05-12
701,Mary Johnson,2022-12-05
702,Linda Williams,2022-09-13
703,Robert Williams,2022-03-07
704,Robert Jones,2022-06-27
705,John Garcia,2022-07-15
706,Mary Brown,2022-08-12
707,Michael Williams,2023-02-03
708,John Smith,2022-03-15
709,James Davis,2023-09-18
710,James Smith,2022-07-08
711,John Davis,2022-12-25
712,Linda Garcia,2023-11-11
713,Linda Williams,2023-06-20
714,Patricia Jones,2022-06-26
715,Elizabeth Jones,2023-10-23
716,Elizabeth Williams,2022-12-09
717,Patricia Johnson,2022-03-04
718,John Johnson,2022-03-28
719,Linda Williams,2023-02-08
720,Patricia Davis,2023-05-02
721,David Johnson,2023-03-26
722,Patricia Williams,2023-11-05
723,Robert Johnson,2023-06-24
724,David Smith,2023-10-23
725,Michael Miller,2022-09-11
726,Elizabeth Miller,2022-11-28
727,Linda Davis,2023-06-19
728,Robert Williams,2023-02-17
729,Jennifer Martinez,2022-03-13
730,Mary Martinez,2022-11-05
731,James Rodriguez,2022-08-01
732,John Jones,2023-01-02
733,Jennifer Miller,2023-08-07
734,David Miller,2022-01-08
735,Jennifer Miller,2023-08-22
736,Jennifer Rodriguez,2022-09-19
737,James Miller,2022-01-26
738,Patricia Miller,2022-11-10
739,James Brown,2022-11-26
740,James Brown,2023-03-28
741,John Rodriguez,2022-02-28
742,Robert Martinez,2023-02-03
743,James Davis,2023-04-05
744,Michael Jones,2022-12-30
745,Mary Williams,2022-12-22
746,Patricia Brown,2023-06-27
747,David Williams,2023-05-15
748,Jennifer Rodriguez,2023-07-12
749,Jennifer Brown,2023-07-13
750,Linda Brown,2023-10-13
751,David Rodriguez,2023-02-02
752,Patricia Davis,2022-02-22
753,Mary Garcia,2022-12-16
754,Jennifer Johnson,2022-02-06
755,Mary Williams,2023-06-05
756,Michael Davis,2022-07-19
757,Mary Garcia,2022-11-30
758,Mary Miller,2023-09-25
759,Patricia Garcia,2023-08-17
760,Patricia Martinez,2022-04-02
761,Patricia Miller,2022-06-17
762,John Brown,2022-09-08
763,Elizabeth Rodriguez,2022-12-03
764,Linda Martinez,2023-02-19
765,Elizabeth Rodriguez,2023-08-12
766,John Miller,2022-03-27
767,David Miller,2023-09-28
768,James Johnson,2022-08-17
769,Michael Rodriguez,2022-01-01
770,James Garcia,2022-07-23
771,Patricia Jones,2023-06-13
772,Linda Rodriguez,2022-10-28
773,John Davis,2022-09-17
774,Mary Jones,2022-08-13
775,Linda Martinez,2023-09-10
776,Patricia Davis,2023-07-18
777,Mary Davis,2023-05-24
778,Patricia Williams,2023-03-23
779,Linda Williams,2023-09-19
780,Linda Williams,2022-10-27
781,Michael Jones,2023-07-29
782,Linda Garcia,2022-12-17
783,Jennifer Davis,2023-08-25
784,Mary Miller,2022-10-04
785,Mary Miller,2022-04-07
786,Elizabeth Davis,2022-10-13
787,James Garcia,2023-06-28
788,Robert Johnson,2022-10-28
789,David Martinez,2023-07-07
790,John Garcia,2023-09-16
791,Linda Rodriguez,2022-04-19
792,Jennifer Williams,2023-09-26
793,James Davis,2022-05-25
794,James Jones,2022-12-04
795,Mary Rodriguez,2022-04-26
796,James Miller,2022-03-28
797,Linda Smith,2022-11-24
798,Jennifer Brown,2023-04-09
799,Mary Smith,2022-03-29
800,Patricia Brown,2023-04-27
801,Michael Brown,2023-02-26
802,Robert Jones,2022-01-15
803,James Rodriguez,2022-04-15
804,James Miller,2022-03-15
805,Elizabeth Rodriguez,2022-03-16
806,Mary Smith,2022-06-30
807,Robert Miller,2023-09-14
808,Mary Rodriguez,2023-06-15
809,Robert Williams,2023-08-12
810,John Garcia,2022-09-11
811,Mary Brown,2022-07-07
812,Mary Miller,2023-01-17
813,Michael Brown,2023-11-22
814,James Jones,2022-02-20
815,John Johnson,2022-07-23
816,Patricia Rodriguez,2022-12-27
817,John Rodriguez,2023-10-27
818,James Martinez,2022-01-21
819,John Johnson,2023-01-29
820,John Jones,2023-02-05
821,Mary Rodriguez,2022-05-21
822,Mary Garcia,2022-11-29
823,Jennifer Williams,2022-01-11
824,Linda Garcia,2023-04-21
825,Elizabeth Johnson,2022-11-25
826,Linda Brown,2023-01-20
827,Michael Miller,2023-04-01
828,Michael Johnson,2022-05-29
829,Michael Rodriguez,2022-08-10
830,Linda Brown,2022-07-03
831,Linda Jones,2023-02-15
832,David Martinez,2023-11-24
833,John Rodriguez,2023-10-09
834,Michael Garcia,2022-09-19
835,Elizabeth Johnson,2022-04-27
836,Michael Smith,2022-12-12
837,Mary Martinez,2022-04-24
838,James Jones,2023-10-29
839,Elizabeth Williams,2022-10-05
840,Linda Martinez,2022-09-07
841,David Martinez,2022-10-18
842,Jennifer Garcia,2023-09-11
843,James Miller,2022-10-27
844,Jennifer Jones,2022-11-26
845,Patricia Miller,2023-07-26
846,Jennifer Smith,2022-08-15
847,James Davis,2022-02-03
848,Robert Martinez,2022-11-05
849,Linda Garcia,2022-02-10
850,Linda Williams,2022-01-09
851,Elizabeth Jones,2023-03-12
852,Elizabeth Jones,2022-03-21
853,Elizabeth Rodriguez,2022-09-24
854,Mary Williams,2023-08-15
855,Linda Miller,2022-12-20
856,Mary Rodriguez,2023-09-10
857,John Davis,2023-02-28
858,David Davis,2023-08-07
859,James Williams,2022-06-12
860,Linda Jones,2022-06-29
861,Mary Rodriguez,2023-07-18
862,James Johnson,2022-02-15
863,James Davis,2023-07-10
864,Michael Brown,2023-06-11
865,Jennifer Williams,2022-05-09
866,Michael Miller,2023-09-22
867,Elizabeth Jones,2022-07-24
868,James Martinez,2022-03-11
869,Patricia Jones,2022-11-23
870,James Smith,2023-09-09
871,John Brown,2023-06-24
872,John Martinez,2023-11-17
873,Linda Brown,2022-01-28
874,Mary Davis,2022-07-06
875,Elizabeth Garcia,2023-03-31
876,John Brown,2022-03-21
877,Patricia Davis,2023-11-13
878,David Garcia,2023-03-24
879,James Garcia,2023-02-22
880,Mary Johnson,2022-04-08
881,David Martinez,2022-03-31
882,Patricia Miller,2022-10-21
883,John Williams,2022-10-01
884,Mary Brown,2023-02-10
885,Michael Johnson,2023-05-13
886,James Garcia,2022-11-28
887,Mary Johnson,2023-05-18
888,Linda Smith,2022-04-19
889,Linda Garcia,2022-07-13
890,Michael Williams,2022-04-24
891,Jennifer Martinez,2022-11-27
892,James Brown,2023-11-03
893,John Williams,2022-06-18
894,Linda Jones,2022-09-01
895,David Garcia,2022-12-02
896,James Williams,2023-11-23
897,Jennifer Rodriguez,2023-03-25
898,Elizabeth Davis,2022-10-09
899,James Davis,2023-05-23
900,Elizabeth Davis,2023-06-27
901,Patricia Miller,2023-06-09
902,Mary Brown,2022-03-24
903,Linda Martinez,2022-04-12
904,Patricia Martinez,2023-03-21
905,Linda Smith,2023-09-06
906,Linda Rodriguez,2022-10-24
907,Robert Johnson,2022-01-01
908,Elizabeth Garcia,2022-01-30
909,Michael Johnson,2023-04-12
910,Patricia Johnson,2022-03-06
911,Michael Davis,2023-03-24
912,Jennifer Miller,2023-02-02
913,David Smith,2022-11-26
914,John Rodriguez,2023-06-25
915,Jennifer Brown,2022-05-03
916,Michael Martinez,2023-01-18
917,John Martinez,2022-04-06
918,Linda Martinez,2023-08-25
919,James Smith,2022-01-28
920,John Rodriguez,2022-10-24
921,Patricia Williams,2022-07-26
922,Mary Rodriguez,2023-05-01
923,Linda Miller,2022-07-30
924,Robert Williams,2023-03-05
925,Jennifer Smith,2023-10-11
926,David Jones,2022-01-05
927,Patricia Rodriguez,2023-09-10
928,Jennifer Brown,2023-03-11
929,John Johnson,2022-05-30
930,Elizabeth Martinez,2022-09-28
931,Mary Smith,2022-08-08
932,David Miller,2022-06-04
933,David Rodriguez,2022-06-19
934,Elizabeth Garcia,2022-12-07
935,Michael Williams,2023-08-02
936,Michael Smith,2022-01-25
937,David Miller,2022-12-08
938,Elizabeth Smith,2022-11-10
939,John Rodriguez,2022-12-27
940,Jennifer Rodriguez,2022-03-08
941,Robert Johnson,2022-07-14
942,Linda Johnson,2022-12-08
943,John Garcia,2023-03-18
944,Mary Williams,2023-08-18
945,John Smith,2022-03-20
946,David Brown,2023-11-15
947,Linda Davis,2023-08-17
948,David Rodriguez,2023-05-28
949,David Williams,2023-09-20
950,David Jones,2023-11-26
951,Jennifer Johnson,2023-09-27
952,Elizabeth Martinez,2023-09-20
953,Linda Smith,2022-06-28
954,John Johnson,2022-10-11
955,David Williams,2022-10-14
956,Mary Johnson,2023-05-13
957,Patricia Miller,2023-08-18
958,David Garcia,2022-01-18
959,Michael Miller,2022-10-15
960,John Davis,2023-04-22
961,Jennifer Miller,2023-10-08
962,Robert Brown,2022-10-24
963,John Rodriguez,2023-05-19
964,Mary Garcia,2023-01-22
965,James Martinez,2022-03-10
966,Linda Miller,2023-05-22
967,Jennifer Williams,2023-06-04
968,James Johnson,2022-08-30
969,Patricia Rodriguez,2022-01-09
970,Linda Rodriguez,2022-03-19
971,Linda Brown,2022-09-26
972,Linda Johnson,2022-01-21
973,James Smith,2022-06-21
974,Elizabeth Davis,2022-11-15
975,Linda Brown,2022-10-08
976,Patricia Garcia,2022-01-29
977,John Martinez,2023-11-15
978,John Smith,2022-12-04
979,Patricia Smith,2022-04-17
980,Michael Smith,2022-12-06
981,Jennifer Jones,2022-01-20
982,Jennifer Davis,2023-11-30
983,Michael Rodriguez,2022-04-13
984,James Rodriguez,2022-10-10
985,John Jones,2023-10-09
986,John Johnson,2023-06-15
987,Mary Williams,2022-07-01
988,James Martinez,2022-02-28
989,James Williams,2023-06-03
990,James Williams,2022-05-05
991,James Jones,2023-09-21
992,James Martinez,2023-11-30
993,Mary Smith,2023-04-06
994,Jennifer Miller,2023-07-20
995,Elizabeth Garcia,2022-05-16
996,Mary Davis,2022-09-07
997,Elizabeth Miller,2023-01-24
998,Robert Martinez,2023-11-16
999,Patricia Brown,2023-01-23
1000,Jennifer Jones,2023-08-31
1001,Michael Brown,2023-02-18
1002,Mary Jones,2023-06-25
1003,James Williams,2022-05-17
1004,Linda Brown,2023-04-14
1005,Patricia Rodriguez,2023-01-30
1006,Mary Rodriguez,2022-07-04
1007,Robert Miller,2023-06-10
1008,Patricia Miller,2022-04-13
1009,Mary Brown,2023-05-30
1010,Elizabeth Johnson,2023-02-13
1011,Jennifer Brown,2022-03-20
1012,David Rodriguez,2023-08-27
1013,Michael Williams,2022-09-08
1014,Linda Brown,2022-09-22
1015,James Jones,2023-08-07
1016,Mary Miller,2022-03-17
1017,Mary Davis,2022-10-23
1018,John Davis,2023-05-05
1019,David Jones,2023-08-13
1020,Jennifer Garcia,2022-02-02
1021,Robert Martinez,2022-12-27
1022,Robert Williams,2023-11-28
1023,David Williams,2022-09-29
1024,Jennifer Jones,2023-08-21
1025,Linda Brown,2022-10-10
1026,Patricia Williams,2023-02-04
1027,Mary Davis,2023-05-21
1028,John Rodriguez,2022-08-26
1029,Robert Martinez,2023-01-13
1030,Elizabeth Garcia,2022-12-05
1031,James Rodriguez,2022-11-24
1032,James Miller,2022-07-02
1033,Elizabeth Smith,2022-06-07
1034,John Brown,2022-06-22
1035,Robert Miller,2022-12-26
1036,Elizabeth Garcia,2022-12-13
1037,Robert Martinez,2023-03-18
1038,Michael Smith,2022-01-23
1039,Linda Johnson,2022-08-29
1040,John Rodriguez,2023-10-23
1041,Jennifer Rodriguez,2022-08-07
1042,Jennifer Rodriguez,2023-11-01
1043,Michael Davis,2023-11-21
1044,David Garcia,2023-03-12
1045,Patricia Miller,2023-03-27
1046,Michael Williams,2022-02-24
1047,Linda Jones,2023-07-03
1048,Elizabeth Johnson,2023-10-10
1049,John Johnson,2022-09-15
1050,Mary Williams,2022-02-23
1051,Linda Garcia,2022-06-12
1052,Patricia Johnson,2022-02-20
1053,John Johnson,2023-08-01
1054,Michael Rodriguez,2022-07-26
1055,David Martinez,2023-09-25
1056,Robert Rodriguez,2022-04-16
1057,Linda Brown,2022-04-26
1058,Mary Rodriguez,2022-03-29
1059,Robert Garcia,2023-09-17
1060,Mary Brown,2022-04-30
1061,Mary Martinez,2022-04-25
1062,Robert Davis,2023-05-07
1063,Patricia Rodriguez,2022-11-14
1064,Linda Davis,2023-11-03
1065,Elizabeth Jones,2022-10-24
1066,Linda Garcia,2023-08-29
1067,John Johnson,2023-10-17
1068,Robert Miller,2023-05-02
1069,John Miller,2022-12-14
1070,David Martinez,2023-06-04
1071,Robert Smith,2023-04-06
1072,Robert Johnson,2022-10-05
1073,Mary Williams,2022-08-07
1074,David Garcia,2023-03-03
1075,James Williams,2022-11-01
1076,Robert Smith,2022-06-22
1077,James Jones,2022-03-16
1078,Patricia Rodriguez,2023-11-06
1079,James Martinez,2022-07-06
1080,David Johnson,2023-06-06
1081,Elizabeth Williams,2022-04-19
1082,Michael Rodriguez,2023-08-06
1083,James Williams,2022-07-17
1084,John Smith,2022-06-24
1085,David Miller,2023-10-12
1086,Linda Johnson,2023-01-14
1087,Michael Martinez,2023-07-24
1088,Robert Williams,2022-02-06
1089,Elizabeth Williams,2022-10-03
1090,Patricia Martinez,2022-01-31
1091,David Garcia,2022-12-06
1092,Michael Jones,2022-08-02
1093,John Rodriguez,2022-04-07
1094,Jennifer Garcia,2022-11-27
1095,Mary Johnson,2023-02-21
1096,Robert Davis,2023-09-13
1097,Elizabeth Davis,2022-09-18
1098,Michael Davis,2022-07-17
1099,Jennifer Smith,2022-02-11
1100,Linda Rodriguez,2023-05-09
1101,John Jones,2022-06-12
1102,David Jones,2022-10-12
1103,John Johnson,2023-07-14
1104,James Smith,2022-08-27
1105,Elizabeth Johnson,2023-04-26
1106,David Martinez,2022-02-04
1107,Patricia Jones,2023-06-12
1108,James Davis,2023-02-17
1109,Patricia Garcia,2023-09-29
1110,John Johnson,2022-07-08
1111,John Jones,2022-09-28
1112,David Williams,2022-09-26
1113,Robert Smith,2022-08-28
1114,John Jones,2022-08-10
1115,Patricia Davis,2023-04-13
1116,Linda Garcia,2023-10-19
1117,John Garcia,2023-05-19
1118,Michael Smith,2023-06-01
1119,Patricia Smith,2022-04-30
1120,Jennifer Brown,2022-05-14
1121,Elizabeth Jones,2023-06-08
1122,Jennifer Johnson,2023-03-11
1123,Michael Davis,2022-07-25
1124,Robert Jones,2022-11-26
1125,John Smith,2023-08-13
1126,Mary Davis,2023-03-16
1127,Michael Jones,2022-06-24
1128,Elizabeth Garcia,2022-03-20
1129,David Jones,2023-10-28
1130,Michael Williams,2022-06-22
1131,Jennifer Brown,2022-09-28
1132,Patricia Rodriguez,2023-03-01
1133,John Johnson,2022-07-22
1134,Michael Brown,2023-06-29
1135,Linda Johnson,2022-02-11
1136,Michael Davis,2023-09-11
1137,David Williams,2023-02-21
1138,John Davis,2023-02-18
1139,Robert Garcia,2022-11-03
1140,Linda Smith,2023-02-17
1141,John Garcia,2022-12-14
1142,Elizabeth Miller,2022-06-16
1143,John Brown,2022-08-02
1144,Robert Johnson,2022-11-16
1145,Jennifer Davis,2023-05-21
1146,John Johnson,2022-01-14
1147,Linda Miller,2023-02-04
1148,Michael Brown,2023-11-23
1149,Michael Johnson,2023-01-01
1150,David Rodriguez,2022-12-23
1151,Mary Davis,2023-06-10
1152,James Brown,2023-11-29
1153,Elizabeth Williams,2023-04-04
1154,Linda Davis,2022-11-13
1155,Mary Davis,2023-05-27
1156,David Miller,2023-01-13
1157,John Garcia,2023-02-05
1158,David Miller,2022-04-25
1159,Mary Garcia,2023-01-09
1160,Linda Garcia,2022-03-03
1161,David Jones,2022-09-06
1162,Linda Garcia,2022-12-10
1163,Patricia Martinez,2022-12-29
1164,James Martinez,2023-09-02
1165,John Miller,2022-06-08
1166,Linda Martinez,2023-04-16
1167,Linda Martinez,2023-09-04
1168,Mary Johnson,2023-11-04
1169,Robert Jones,2023-02-17
1170,John Brown,2022-12-21
1171,Mary Garcia,2023-02-21
1172,John Brown,2022-10-20
1173,Patricia Brown,2023-03-29
1174,Robert Martinez,2023-10-06
1175,Elizabeth Smith,2022-06-27
1176,David Williams,2022-11-10
1177,James Brown,2023-11-02
1178,John Jones,2022-01-30
1179,John Rodriguez,2023-07-12
1180,Michael Johnson,2023-10-21
1181,Mary Rodriguez,2022-09-02
1182,John Johnson,2023-09-09
1183,Elizabeth Garcia,2022-02-03
1184,James Smith,2022-08-08
1185,James Miller,2023-03-14
1186,Robert Smith,2022-03-31
1187,Linda Martinez,2022-05-05
1188,Elizabeth Rodriguez,2022-11-18
1189,Jennifer Garcia,2023-08-02
1190,Elizabeth Martinez,2022-10-22
1191,Elizabeth Miller,2022-12-23
1192,David Jones,2022-02-27
1193,Jennifer Davis,2022-01-28
1194,Robert Johnson,2022-06-27
1195,Linda Jones,2022-12-07
1196,Jennifer Williams,2023-02-27
1197,Jennifer Johnson,2023-08-03
1198,Robert Martinez,2022-10-11
1199,David Martinez,2022-10-25
1200,James Davis,2022-03-30
1201,Linda Jones,2023-07-11
1202,James Williams,2023-09-17
1203,Linda Rodriguez,2023-07-28
1204,James Martinez,2023-11-08
1205,Patricia Miller,2022-01-27
1206,Mary Martinez,2022-04-10
1207,John Jones,2023-02-17
1208,David Williams,2023-02-25
1209,Robert Jones,2023-01-05
1210,Michael Rodriguez,2022-07-02
1211,Mary Martinez,2022-09-07
1212,Michael Rodriguez,2023-09-11
1213,Linda Brown,2022-05-21
1214,John Garcia,2023-11-01
1215,Patricia Davis,2023-04-18
1216,James Martinez,2022-07-01
1217,Michael Davis,2023-08-26
1218,Patricia Garcia,2023-05-09
1219,Jennifer Martinez,2023-10-22
1220,James Williams,2022-06-23
1221,Linda Garcia,2023-07-23
1222,Michael Brown,2022-12-24
1223,David Williams,2022-08-17
1224,James Williams,2023-05-17
1225,Michael Miller,2023-10-18
1226,Michael Garcia,2023-11-22
1227,Jennifer Brown,2022-11-06
1228,Jennifer Rodriguez,2022-12-27
1229,Robert Martinez,2022-07-11
1230,John Davis,2023-01-17
1231,John Miller,2022-01-03
1232,Michael Brown,2023-08-23
1233,James Rodriguez,2022-10-08
1234,Patricia Johnson,2022-01-05
1235,David Smith,2022-10-05
1236,Mary Martinez,2022-07-04
1237,Linda Johnson,2023-06-01
1238,Patricia Miller,2022-02-16
1239,James Brown,2022-12-18
1240,Elizabeth Garcia,2022-09-07
1241,Patricia Jones,2023-05-22
1242,Robert Johnson,2023-11-16
1243,James Miller,2022-06-12
1244,Mary Jones,2023-03-29
1245,Robert Smith,2022-08-07
1246,John Rodriguez,2022-02-12
1247,Mary Johnson,2023-10-03
1248,Linda Williams,2023-01-17
1249,Mary Garcia,2023-04-21
1250,James Garcia,2023-03-28
1251,Patricia Davis,2022-03-01
1252,James Brown,2022-08-18
1253,Jennifer Davis,2022-08-30
1254,Mary Smith,2023-09-21
1255,James Smith,2022-10-28
1256,James Davis,2022-12-12
1257,Elizabeth Davis,2023-09-22
1258,Jennifer Davis,2023-06-12
1259,James Smith,2023-02-02
1260,Mary Brown,2023-06-24
1261,Elizabeth Davis,2022-03-22
1262,Elizabeth Davis,2022-01-06
1263,James Miller,2023-02-06
1264,Mary Miller,2022-04-19
1265,Michael Johnson,2022-11-25
1266,Mary Smith,2022-07-07
1267,Jennifer Davis,2023-10-31
1268,David Jones,2022-08-13
1269,Elizabeth Miller,2022-09-15
1270,Jennifer Brown,2023-07-16
1271,Linda Miller,2022-05-06
1272,Robert Johnson,2022-05-09
1273,Mary Martinez,2022-09-07
1274,David Garcia,2023-03-24
1275,Robert Smith,2022-08-30
1276,Michael Williams,2022-09-11
1277,Elizabeth Brown,2023-03-22
1278,Michael Jones,2023-05-29
1279,Elizabeth Martinez,2022-07-04
1280,Elizabeth Smith,2022-10-03
1281,Linda Rodriguez,2023-05-12
1282,Patricia Davis,2023-05-03
1283,Mary Rodriguez,2023-02-26
1284,James Miller,2023-06-14
1285,John Jones,2023-03-08
1286,Elizabeth Miller,2023-10-02
1287,David Rodriguez,2022-06-14
1288,Jennifer Martinez,2022-10-10
1289,Jennifer Smith,2023-09-05
1290,Patricia Johnson,2022-08-26
1291,Patricia Jones,2023-04-13
1292,Mary Martinez,2023-06-13
1293,Robert Rodriguez,2023-01-28
1294,Robert Jones,2022-08-06
1295,Jennifer Davis,2022-04-03
1296,Jennifer Miller,2023-08-25
1297,Michael Rodriguez,2023-10-01
1298,Elizabeth Williams,2023-07-21
1299,Linda Davis,2023-07-11
1300,John Brown,2022-12-10
1301,Jennifer Miller,2022-04-12
1302,James Johnson,2023-03-10
1303,Mary Jones,2023-05-22
1304,James Williams,2022-11-05
1305,Jennifer Smith,2023-03-27
1306,Elizabeth Davis,2023-03-15
1307,Linda Smith,2023-03-25
1308,Mary Smith,2023-08-28
1309,Mary Garcia,2023-01-24
1310,Jennifer Martinez,2023-10-11
1311,Michael Brown,2022-11-28
1312,Elizabeth Rodriguez,2022-08-21
1313,Robert Brown,2022-04-26
1314,Robert Miller,2022-10-07
1315,Robert Martinez,2022-08-26
1316,Michael Brown,2023-03-13
1317,Linda Brown,2022-10-16
1318,James Miller,2022-08-17
1319,Michael Smith,2023-09-06
1320,John Martinez,2022-03-14
1321,Mary Smith,2022-01-30
1322,James Miller,2023-03-04
1323,Linda Rodriguez,2023-07-01
1324,John Miller,2023-12-01
1325,Linda Martinez,2023-02-14
1326,Mary Davis,2022-12-13
1327,Elizabeth Smith,2023-08-25
1328,Mary Garcia,2022-02-14
1329,John Jones,2023-01-25
1330,Robert Jones,2022-09-11
1331,John Brown,2023-06-12
1332,Patricia Martinez,2023-09-06
1333,Michael Johnson,2022-04-10
1334,James Johnson,2022-05-05
1335,Patricia Smith,2022-01-04
1336,Patricia Smith,2023-06-23
1337,James Davis,2023-04-22
1338,John Johnson,2023-05-10
1339,David Smith,2023-07-09
1340,Patricia Smith,2022-01-12
1341,Patricia Brown,2022-05-13
1342,Mary Garcia,2022-02-06
1343,Robert Rodriguez,2023-07-30
1344,Robert Garcia,2023-11-08
1345,Linda Garcia,2022-10-25
1346,David Smith,2023-06-21
1347,James Jones,2023-11-04
1348,John Smith,2023-11-29
1349,David Williams,2022-11-06
1350,Elizabeth Rodriguez,2022-08-23
1351,David Jones,2023-07-28
1352,Linda Brown,2022-02-15
1353,David Brown,2022-11-20
1354,Michael Jones,2023-05-18
1355,Elizabeth Martinez,2022-08-05
1356,John Jones,2022-06-05
1357,Linda Johnson,2022-07-15
1358,Linda Rodriguez,2022-10-24
1359,Elizabeth Johnson,2022-11-15
1360,James Martinez,2023-02-24
1361,Mary Rodriguez,2023-06-27
1362,Elizabeth Brown,2023-11-07
1363,Mary Garcia,2023-09-09
1364,Robert Williams,2022-11-06
1365,Elizabeth Jones,2023-06-28
1366,David Williams,2022-08-22
1367,Michael Johnson,2022-08-24
1368,Elizabeth Rodriguez,2022-10-31
1369,Robert Garcia,2022-05-12
1370,John Martinez,2023-08-27
1371,Elizabeth Smith,2022-11-16
1372,Robert Johnson,2022-09-23
1373,David Brown,2023-07-25
1374,Jennifer Rodriguez,2022-02-27
1375,Elizabeth Martinez,2023-03-06
1376,Patricia Miller,2022-06-01
1377,Elizabeth Smith,2022-11-29
1378,John Williams,2023-07-24
1379,James Martinez,2022-07-03
1380,Michael Williams,2023-06-13
1381,Jennifer Martinez,2022-01-03
1382,Linda Jones,2023-03-03
1383,Elizabeth Garcia,2023-05-08
1384,Mary Williams,2022-06-07
1385,David Garcia,2022-04-12
1386,Jennifer Jones,2022-07-19
1387,David Miller,2023-06-24
1388,Mary Brown,2023-03-10
1389,David Williams,2022-06-04
1390,David Brown,2022-05-14
1391,David Garcia,2022-01-24
1392,Jennifer Jones,2023-09-03
1393,Patricia Martinez,2023-09-15
1394,James Williams,2022-01-07
1395,David Brown,2023-04-05
1396,Mary Davis,2023-01-05
1397,Mary Williams,2022-09-05
1398,Michael Miller,2023-10-10
1399,Patricia Smith,2022-06-02
1400,Patricia Smith,2023-02-12
1401,Linda Jones,2022-08-26
1402,Jennifer Brown,2022-06-25
1403,Patricia Jones,2023-02-24
1404,Linda Smith,2022-04-04
1405,John Brown,2022-06-26
1406,David Miller,2022-03-11
1407,Mary Smith,2022-11-13
1408,Jennifer Martinez,2022-03-28
1409,David Miller,2022-06-26
1410,John Jones,2022-02-13
1411,Elizabeth Davis,2023-07-04
1412,Michael Brown,2023-02-13
1413,David Rodriguez,2022-06-30
1414,James Miller,2023-11-17
1415,John Martinez,2022-10-30
1416,Elizabeth Martinez,2022-03-16
1417,Elizabeth Smith,2022-07-23
1418,Mary Brown,2022-03-27
1419,David Martinez,2023-01-20
1420,Michael Garcia,2023-08-01
1421,Michael Martinez,2022-04-01
1422,Patricia Brown,2022-04-27
1423,David Johnson,2022-11-01
1424,Elizabeth Johnson,2022-07-31
1425,Elizabeth Davis,2022-05-22
1426,Elizabeth Williams,2023-01-02
1427,Patricia Davis,2023-09-02
1428,David Rodriguez,2022-05-16
1429,Patricia Brown,2022-04-16
1430,Patricia Martinez,2022-10-01
1431,David Rodriguez,2023-06-26
1432,James Jones,2022-08-20
1433,Linda Miller,2023-11-07
1434,Michael Davis,2022-03-27
1435,Elizabeth Rodriguez,2022-03-04
1436,Patricia Martinez,2023-01-09
1437,Elizabeth Martinez,2023-02-19
1438,Patricia Brown,2023-06-13
1439,Elizabeth Garcia,2023-04-10
1440,Patricia Smith,2022-11-19
1441,John Johnson,2023-01-28
1442,Michael Jones,2022-05-13
1443,Jennifer Smith,2023-08-19
1444,Linda Davis,2022-03-14
1445,John Garcia,2022-01-22
1446,Linda Rodriguez,2023-05-15
1447,Michael Brown,2023-08-08
1448,John Jones,2023-09-02
1449,John Johnson,2023-10-10
1450,Michael Jones,2022-08-25
1451,Robert Martinez,2023-10-24
1452,David Rodriguez,2022-04-06
1453,John Rodriguez,2022-11-16
1454,Robert Garcia,2023-04-18
1455,Mary Davis,2023-06-28
1456,John Smith,2022-03-08
1457,Jennifer Jones,2023-06-03
1458,Jennifer Garcia,2022-10-25
1459,Elizabeth Martinez,2022-12-29
1460,Jennifer Miller,2023-08-11
1461,James Garcia,2023-06-04
1462,James Garcia,2022-08-10
1463,Elizabeth Garcia,2022-02-26
1464,David Garcia,2022-07-14
1465,Patricia Martinez,2023-02-05
1466,Robert Smith,2023-04-17
1467,Linda Smith,2022-11-04
1468,Patricia Johnson,2022-10-06
1469,Michael Johnson,2022-12-26
1470,James Davis,2022-09-19
1471,David Rodriguez,2023-10-21
1472,David Rodriguez,2023-09-18
1473,Robert Rodriguez,2023-09-04
1474,James Brown,2023-06-18
1475,Mary Garcia,2022-10-17
1476,James Miller,2022-05-03
1477,Patricia Smith,2022-01-28
1478,Mary Williams,2023-08-24
1479,Linda Martinez,2023-04-10
1480,Robert Rodriguez,2023-07-17
1481,Linda Brown,2023-07-18
1482,Michael Brown,2022-09-14
1483,Linda Smith,2022-03-23
1484,Patricia Davis,2023-11-01
1485,David Martinez,2023-07-02
1486,John Jones,2022-10-20
1487,James Smith,2023-11-21
1488,Elizabeth Brown,2023-06-12
1489,Michael Miller,2023-06-30
1490,David Williams,2023-02-18
1491,Jennifer Rodriguez,2022-08-07
1492,John Davis,2023-04-14
1493,Mary Williams,2022-05-24
1494,Patricia Smith,2023-07-26
1495,Elizabeth Smith,2022-11-16
1496,James Williams,2022-12-16
1497,Jennifer Smith,2022-11-07
1498,Robert Martinez,2022-06-03
1499,Linda Miller,2023-06-21
1500,Michael Miller,2023-04-05
1501,Elizabeth Williams,2023-11-21
1502,Jennifer Williams,2023-05-17
1503,Michael Martinez,2022-12-10
1504,Linda Garcia,2023-02-06
1505,Elizabeth Smith,2023-08-18
1506,Mary Rodriguez,2022-09-02
1507,Mary Martinez,2022-06-15
1508,James Martinez,2023-06-30
1509,Linda Garcia,2022-02-06
1510,Robert Brown,2023-09-26
1511,Linda Jones,2022-03-12
1512,James Garcia,2022-05-26
1513,Elizabeth Smith,2022-10-28
1514,Linda Johnson,2023-06-23
1515,Patricia Williams,2022-07-31
1516,John Brown,2022-03-04
1517,Linda Miller,2023-10-28
1518,Linda Garcia,2022-11-15
1519,Linda Smith,2022-05-21
1520,Patricia Martinez,2022-11-07
1521,Patricia Rodriguez,2023-05-30
1522,James Jones,2022-07-03
1523,Linda Martinez,2023-02-10
1524,Mary Rodriguez,2022-09-09
1525,Linda Smith,2022-01-27
1526,Jennifer Garcia,2022-03-10
1527,Patricia Brown,2022-09-21
1528,John Rodriguez,2022-10-17
1529,Linda Garcia,2022-11-11
1530,Robert Rodriguez,2022-05-08
1531,James Miller,2022-04-25
1532,John Martinez,2023-09-29
1533,David Martinez,2023-09-09
1534,Robert Jones,2023-02-15
1535,James Jones,2022-07-09
1536,Robert Garcia,2023-11-09
1537,Robert Davis,2022-12-08
1538,Michael Rodriguez,2023-03-12
1539,Mary Smith,2023-04-12
1540,James Jones,2022-05-08
1541,Jennifer Garcia,2023-11-08
1542,David Davis,2023-07-18
1543,James Martinez,2022-12-12
1544,Elizabeth Williams,2023-04-30
1545,David Williams,2022-03-12
1546,Michael Davis,2023-06-12
1547,John Brown,2023-01-12
1548,Patricia Jones,2023-06-23
1549,David Martinez,2022-10-23
1550,Mary Garcia,2022-05-01
1551,Linda Davis,2023-08-07
1552,Jennifer Jones,2022-06-21
1553,Jennifer Johnson,2023-11-25
1554,John Jones,2023-06-09
1555,Robert Davis,2023-01-25
1556,Jennifer Williams,2022-04-08
1557,Patricia Williams,2022-02-07
1558,John Garcia,2023-07-02
1559,Patricia Williams,2023-10-04
1560,James Davis,2022-04-15
1561,Robert Smith,2022-02-14
1562,Michael Brown,2023-07-02
1563,Robert Brown,2023-08-18
1564,David Davis,2022-05-02
1565,Patricia Rodriguez,2022-11-14
1566,Robert Brown,2023-07-08
1567,Linda Rodriguez,2022-05-10
1568,Jennifer Martinez,2023-06-15
1569,James Brown,2023-02-05
1570,Elizabeth Jones,2023-03-24
1571,James Davis,2022-01-05
1572,John Johnson,2023-01-07
1573,James Davis,2022-08-24
1574,Linda Johnson,2022-03-27
1575,James Miller,2022-01-21
1576,Jennifer Miller,2023-04-27
1577,David Davis,2023-06-18
1578,John Jones,2023-10-27
1579,Jennifer Garcia,2022-03-04
1580,Mary Rodriguez,2023-01-23
1581,Michael Miller,2022-08-02
1582,Mary Rodriguez,2023-09-06
1583,Linda Rodriguez,2023-11-06
1584,Mary Garcia,2022-07-27
1585,Michael Jones,2023-09-23
1586,James Brown,2022-09-11
1587,John Martinez,2022-09-22
1588,Michael Smith,2022-08-01
1589,Michael Miller,2022-11-20
1590,Robert Jones,2023-01-25
1591,Robert Williams,2022-07-07
1592,Elizabeth Davis,2023-08-04
1593,Linda Williams,2023-03-13
1594,Patricia Martinez,2022-07-28
1595,Elizabeth Johnson,2022-08-23
1596,Elizabeth Jones,2023-02-08
1597,James Martinez,2022-08-07
1598,Robert Johnson,2023-06-09
1599,John Martinez,2023-04-16
1600,Linda Davis,2022-03-26
1601,John Williams,2023-06-28
1602,David Miller,2023-02-01
1603,Jennifer Garcia,2023-03-24
1604,Mary Johnson,2022-03-06
1605,James Rodriguez,2022-10-07
1606,Patricia Brown,2023-02-19
1607,David Rodriguez,2023-01-24
1608,Robert Garcia,2022-05-24
1609,John Johnson,2022-11-09
1610,Jennifer Martinez,2022-06-15
1611,Mary Johnson,2022-09-11
1612,James Johnson,2022-06-30
1613,Robert Miller,2022-02-03
1614,John Garcia,2023-01-14
1615,Mary Williams,2023-05-04
1616,James Miller,2023-08-22
1617,Robert Miller,2022-02-23
1618,Patricia Jones,2022-03-09
1619,Elizabeth Miller,2022-12-04
1620,Linda Davis,2022-12-23
1621,David Jones,2022-05-03
1622,Michael Williams,2022-08-10
1623,Michael Rodriguez,2023-01-04
1624,Mary Smith,2023-08-10
1625,Robert Smith,2023-08-11
1626,Linda Garcia,2022-03-08
1627,John Martinez,2022-01-01
1628,Michael Jones,2022-11-13
1629,Mary Jones,2023-10-27
1630,Mary Brown,2023-05-31
1631,Mary Rodriguez,2022-06-06
1632,David Johnson,2022-06-25
1633,Linda Johnson,2022-11-28
1634,Jennifer Rodriguez,2022-04-03
1635,Patricia Williams,2022-05-19
1636,John Miller,2023-11-12
1637,David Garcia,2022-03-16
1638,David Smith,2023-06-25
1639,Elizabeth Brown,2023-09-25
1640,John Martinez,2022-06-14
1641,Patricia Martinez,2022-10-31
1642,John Smith,2022-06-04
1643,James Brown,2023-04-23
1644,Michael Johnson,2022-01-11
1645,David Martinez,2022-05-01
1646,James Garcia,2022-08-19
1647,James Miller,2023-05-27
1648,Elizabeth Martinez,2022-05-09
1649,Mary Williams,2023-07-13
1650,Patricia Rodriguez,2022-07-13
1651,Patricia Davis,2023-03-17
1652,Jennifer Miller,2022-05-05
1653,John Jones,2022-01-28
1654,Robert Brown,2023-02-07
1655,Robert Brown,2023-08-02
1656,James Brown,2023-05-18
1657,Robert Smith,2022-11-19
1658,David Miller,2023-05-12
1659,John Garcia,2023-06-10
1660,Michael Davis,2023-09-02
1661,James Williams,2023-04-27
1662,Elizabeth Martinez,2023-10-28
1663,Linda Rodriguez,2022-08-09
1664,David Williams,2023-08-28
1665,Robert Williams,2023-02-06
1666,Jennifer Brown,2023-06-10
1667,Robert Jones,2022-11-26
1668,Elizabeth Smith,2022-03-09
1669,James Johnson,2022-12-27
1670,David Brown,2022-01-08
1671,Elizabeth Johnson,2022-07-03
1672,Linda Brown,2023-09-29
1673,David Rodriguez,2023-09-24
1674,John Brown,2022-10-18
1675,Patricia Martinez,2023-06-06
1676,Mary Johnson,2022-03-17
1677,Jennifer Brown,2023-02-06
1678,Jennifer Martinez,2023-05-11
1679,Patricia Davis,2022-02-05
1680,Patricia Davis,2023-09-06
1681,James Davis,2022-09-26
1682,Linda Johnson,2023-10-22
1683,Patricia Rodriguez,2022-05-09
1684,Robert Davis,2023-02-12
1685,James Garcia,2023-06-29
1686,Mary Davis,2023-10-27
1687,James Brown,2023-08-04
1688,Robert Jones,2023-10-31
1689,Elizabeth Martinez,2022-07-23
1690,John Brown,2023-06-12
1691,Patricia Martinez,2023-08-01
1692,Michael Jones,2022-03-02
1693,Elizabeth Johnson,2022-08-23
1694,Mary Rodriguez,2022-03-19
1695,Patricia Davis,2023-08-16
1696,David Jones,2022-10-02
1697,Michael Johnson,2022-04-12
1698,James Smith,2023-11-27
1699,Robert Williams,2022-02-06
1700,Linda Garcia,2022-10-21
1701,Michael Johnson,2022-01-22
1702,Michael Miller,2022-12-10
1703,James Miller,2023-02-12
1704,David Williams,2022-10-24
1705,Elizabeth Johnson,2022-10-10
1706,Linda Rodriguez,2023-08-29
1707,David Rodriguez,2023-07-21
1708,Jennifer Miller,2022-11-28
1709,Robert Jones,2023-10-07
1710,Elizabeth Smith,2023-08-17
1711,Robert Williams,2023-03-25
1712,Michael Smith,2022-01-14
1713,Jennifer Martinez,2022-06-14
1714,Michael Jones,2022-10-10
1715,James Miller,2022-08-13
1716,Mary Garcia,2023-02-18
1717,Robert Martinez,2022-06-15
1718,Michael Williams,2023-01-14
1719,John Davis,2022-12-06
1720,Linda Johnson,2022-02-22
1721,Elizabeth Smith,2023-08-24
1722,James Rodriguez,2023-03-13
1723,Michael Brown,2022-10-13
1724,Mary Brown,2023-05-02
1725,John Davis,2023-11-23
1726,James Smith,2022-04-04
1727,Jennifer Davis,2022-07-02
1728,David Brown,2022-10-24
1729,James Williams,2023-05-26
1730,Jennifer Martinez,2022-01-17
1731,John Jones,2023-01-17
1732,Elizabeth Miller,2022-10-02
1733,Robert Martinez,2023-05-04
1734,John Jones,2022-09-03
1735,Mary Martinez,2022-04-06
1736,Jennifer Davis,2022-07-25
1737,John Davis,2023-05-08
1738,David Williams,2022-05-16
1739,Patricia Miller,2023-02-07
1740,David Smith,2023-05-22
1741,Mary Garcia,2022-02-23
1742,Mary Garcia,2022-08-11
1743,James Martinez,2023-06-02
1744,Linda Jones,2022-11-15
1745,David Davis,2023-11-28
1746,Elizabeth Davis,2022-02-04
1747,Jennifer Williams,2023-07-18
1748,John Garcia,2023-08-31
1749,James Jones,2023-09-15
1750,Mary Jones,2022-04-11
1751,Mary Brown,2023-09-02
1752,Jennifer Davis,2023-06-28
1753,Robert Miller,2022-05-03
1754,Jennifer Williams,2023-11-05
1755,John Martinez,2023-02-17
1756,David Rodriguez,2022-11-24
1757,Elizabeth Jones,2023-11-06
1758,Linda Martinez,2023-05-29
1759,Michael Williams,2023-05-13
1760,John Williams,2023-11-09
1761,Elizabeth Jones,2022-01-25
1762,Mary Johnson,2023-01-09
1763,Robert Garcia,2022-06-02
1764,Jennifer Davis,2023-10-17
1765,David Jones,2022-08-31
1766,Elizabeth Smith,2022-11-18
1767,Michael Martinez,2023-03-17
1768,James Davis,2022-01-15
1769,David Martinez,2023-06-05
1770,Michael Johnson,2023-04-27
1771,Linda Martinez,2022-03-26
1772,John Williams,2022-02-09
1773,Mary Davis,2022-05-18
1774,David Garcia,2023-04-06
1775,John Smith,2023-07-18
1776,John Martinez,2022-07-28
1777,Jennifer Martinez,2023-04-21
1778,Elizabeth Williams,2022-08-30
1779,Patricia Martinez,2023-02-25
1780,Patricia Rodriguez,2023-04-23
1781,Robert Davis,2022-05-30
1782,Elizabeth Rodriguez,2023-09-27
1783,Linda Martinez,2022-07-28
1784,Mary Garcia,2023-02-20
1785,David Williams,2023-03-18
1786,Mary Smith,2023-01-30
1787,Mary Brown,2023-02-23
1788,Jennifer Williams,2022-05-17
1789,Linda Williams,2023-08-05
1790,David Johnson,2023-09-15
1791,Michael Martinez,2022-08-31
1792,Michael Williams,2023-07-10
1793,Patricia Johnson,2022-03-03
1794,Mary Johnson,2023-03-26
1795,Linda Williams,2023-06-28
1796,Robert Miller,2022-03-15
1797,Linda Johnson,2022-11-05
1798,Elizabeth Johnson,2023-05-19
1799,Jennifer Davis,2022-12-24
1800,Mary Davis,2022-01-11
1801,Elizabeth Smith,2022-03-27
1802,Elizabeth Garcia,2022-12-01
1803,John Jones,2022-11-05
1804,Michael Jones,2022-06-19
1805,John Johnson,2023-02-15
1806,Michael Martinez,2022-03-02
1807,Linda Miller,2023-10-03
1808,Linda Williams,2023-09-18
1809,Jennifer Davis,2022-12-07
1810,Robert Miller,2023-02-08
1811,David Rodriguez,2022-01-23
1812,Linda Martinez,2022-05-24
1813,Linda Rodriguez,2023-06-02
1814,James Garcia,2022-06-17
1815,Jennifer Davis,2022-01-13
1816,Robert Jones,2023-07-02
1817,Elizabeth Miller,2023-03-05
1818,David Garcia,2022-12-09
1819,Patricia Brown,2023-02-13
1820,David Smith,2022-05-27
1821,Elizabeth Brown,2022-10-08
1822,Patricia Jones,2022-11-12
1823,Elizabeth Davis,2023-02-09
1824,Linda Brown,2022-10-25
1825,Michael Jones,2023-02-27
1826,Elizabeth Garcia,2022-03-22
1827,Linda Smith,2022-06-24
1828,Elizabeth Brown,2023-07-12
1829,Elizabeth Williams,2023-08-03
1830,Elizabeth Jones,2023-06-23
1831,Linda Martinez,2022-05-17
1832,James Williams,2023-04-28
1833,Linda Rodriguez,2022-09-22
1834,Robert Williams,2022-12-08
1835,David Garcia,2022-10-06
1836,Elizabeth Davis,2022-09-17
1837,John Rodriguez,2022-07-04
1838,Linda Martinez,2023-08-10
1839,Robert Jones,2022-08-07
1840,Patricia Rodriguez,2022-04-29
1841,David Martinez,2023-10-02
1842,Michael Martinez,2022-04-26
1843,Robert Miller,2022-04-09
1844,Patricia Johnson,2022-06-25
1845,Michael Garcia,2022-01-10
1846,John Johnson,2023-11-29
1847,Patricia Williams,2023-07-26
1848,Michael Martinez,2022-06-28
1849,John Jones,2022-06-24
1850,David Williams,2023-07-01
1851,Linda Smith,2023-08-13
1852,Patricia Davis,2022-06-04
1853,Mary Williams,2022-03-31
1854,Patricia Smith,2022-11-07
1855,Robert Smith,2023-05-27
1856,John Williams,2022-01-24
1857,Robert Brown,2023-01-17
1858,Elizabeth Davis,2023-08-24
1859,Elizabeth Garcia,2023-01-01
1860,Robert Jones,2022-09-13
1861,John Brown,2023-04-01
1862,Robert Miller,2022-01-13
1863,David Johnson,2022-07-13
1864,Elizabeth Brown,2023-11-01
1865,Michael Garcia,2022-05-08
1866,John Rodriguez,2023-10-08
1867,Linda Johnson,2023-03-02
1868,Michael Martinez,2022-07-06
1869,John Miller,2022-01-04
1870,John Jones,2023-04-01
1871,Jennifer Johnson,2023-01-25
1872,David Smith,2022-08-20
1873,Jennifer Williams,2022-05-08
1874,Elizabeth Smith,2022-02-08
1875,Elizabeth Jones,2022-10-02
1876,Mary Brown,2023-04-27
1877,Michael Williams,2023-01-23
1878,Linda Davis,2022-05-09
1879,Jennifer Williams,2023-09-19
1880,Robert Rodriguez,2023-11-12
1881,Patricia Rodriguez,2022-10-18
1882,Michael Johnson,2022-03-22
1883,John Martinez,2022-09-05
1884,David Rodriguez,2022-05-15
1885,Michael Brown,2022-09-27
1886,Jennifer Johnson,2023-06-22
1887,James Martinez,2022-01-11
1888,David Rodriguez,2023-02-12
1889,Michael Rodriguez,2023-07-08
1890,Linda Jones,2023-04-22
1891,Linda Davis,2023-11-30
1892,Robert Jones,2022-10-02
1893,Michael Smith,2023-04-29
1894,Patricia Johnson,2023-07-28
1895,Elizabeth Jones,2023-04-01
1896,Elizabeth Jones,2022-11-15
1897,Elizabeth Johnson,2023-11-01
1898,Robert Davis,2022-01-31
1899,John Davis,2023-09-02
1900,Robert Garcia,2022-10-10
1901,Patricia Martinez,2022-11-02
1902,Michael Rodriguez,2023-10-10
1903,John Brown,2022-08-04
1904,Mary Martinez,2022-10-03
1905,Linda Davis,2022-09-18
1906,James Brown,2022-11-20
1907,James Brown,2022-06-10
1908,Robert Garcia,2022-11-03
1909,Patricia Johnson,2022-11-10
1910,James Garcia,2023-06-28
1911,Michael Williams,2023-01-13
1912,Mary Johnson,2023-06-04
1913,Mary Brown,2023-04-13
1914,John Davis,2022-12-14
1915,Michael Jones,2022-01-24
1916,James Garcia,2023-07-13
1917,Elizabeth Johnson,2023-07-21
1918,Robert Smith,2022-10-14
1919,Robert Garcia,2023-08-15
1920,Elizabeth Rodriguez,2023-07-20
1921,Jennifer Johnson,2023-06-19
1922,Elizabeth Miller,2022-09-04
1923,Jennifer Smith,2023-09-22
1924,James Davis,2022-01-22
1925,Patricia Johnson,2023-05-25
1926,Jennifer Martinez,2022-12-27
1927,Elizabeth Garcia,2022-04-22
1928,Michael Garcia,2023-10-19
1929,David Johnson,2023-10-07
1930,James Miller,2022-03-24
1931,Michael Johnson,2022-07-23
1932,Mary Williams,2022-03-11
1933,Linda Miller,2023-06-07
1934,Michael Garcia,2023-06-25
1935,Mary Rodriguez,2022-01-10
1936,David Garcia,2023-04-11
1937,Linda Garcia,2022-01-28
1938,James Johnson,2023-02-28
1939,Robert Jones,2023-01-24
1940,Robert Smith,2022-02-25
1941,James Jones,2022-07-30
1942,John Williams,2022-05-30
1943,Linda Miller,2023-10-11
1944,Robert Martinez,2023-01-21
1945,David Davis,2023-02-17
1946,John Brown,2023-04-03
1947,Jennifer Miller,2023-11-04
1948,Robert Johnson,2022-01-05
1949,Elizabeth Johnson,2023-07-04
1950,Patricia Miller,2023-03-04
1951,John Garcia,2023-05-02
1952,Jennifer Jones,2022-01-24
1953,John Rodriguez,2022-09-10
1954,Linda Miller,2022-08-24
1955,Elizabeth Williams,2022-02-03
1956,Patricia Miller,2022-02-06
1957,Jennifer Brown,2023-04-19
1958,Michael Davis,2023-09-07
1959,Robert Brown,2023-07-24
1960,James Rodriguez,2023-03-10
1961,Patricia Garcia,2023-08-08
1962,David Davis,2022-02-11
1963,Mary Jones,2023-03-29
1964,Michael Smith,2022-04-07
1965,Robert Rodriguez,2023-08-17
1966,James Martinez,2022-06-30
1967,John Davis,2023-07-11
1968,John Johnson,2022-01-05
1969,Linda Rodriguez,2022-01-11
1970,Jennifer Garcia,2023-07-03
1971,Mary Brown,2023-03-13
1972,Michael Miller,2022-04-23
1973,Mary Williams,2023-03-24
1974,Robert Garcia,2023-11-25
1975,David Williams,2023-10-24
1976,David Johnson,2023-03-08
1977,James Johnson,2022-09-25
1978,James Brown,2022-09-05
1979,James Williams,2023-05-10
1980,Elizabeth Martinez,2023-04-21
1981,Robert Williams,2023-06-02
1982,Robert Garcia,2022-10-05
1983,Mary Johnson,2023-08-26
1984,John Brown,2022-03-14
1985,David Rodriguez,2022-08-28
1986,Elizabeth Smith,2023-08-18
1987,Robert Martinez,2022-12-08
1988,Elizabeth Jones,2023-02-06
1989,Linda Miller,2022-05-22
1990,Mary Jones,2022-07-12
1991,Robert Williams,2023-01-12
1992,Jennifer Smith,2023-10-02
1993,Michael Rodriguez,2022-09-13
1994,Michael Brown,2022-01-06
1995,John Rodriguez,2023-08-06
1996,James Garcia,2022-11-26
1997,Robert Garcia,2022-06-10
1998,Jennifer Brown,2023-04-22
1999,Linda Garcia,2023-07-01
2000,David Williams,2022-09-13
2001,James Martinez,2023-07-03
2002,Patricia Jones,2023-06-30
2003,Linda Williams,2022-11-21
2004,James Jones,2023-03-18
2005,Linda Williams,2023-08-02
2006,Linda Brown,2022-03-07
2007,Mary Johnson,2023-09-29
2008,Robert Smith,2022-01-27
2009,Michael Miller,2022-06-27
2010,David Miller,2023-04-14
2011,David Johnson,2023-01-25
2012,Michael Johnson,2022-10-14
2013,James Jones,2023-10-30
2014,Mary Smith,2023-10-17
2015,Mary Brown,2022-07-07
2016,Linda Jones,2022-08-18
2017,Patricia Williams,2023-02-22
2018,Jennifer Smith,2023-06-10
2019,Patricia Williams,2023-07-22
2020,Michael Williams,2023-02-10
2021,Robert Jones,2022-08-31
2022,Jennifer Rodriguez,2023-04-13
2023,Jennifer Williams,2022-11-02
2024,Michael Rodriguez,2022-05-20
2025,James Miller,2022-10-09
2026,Elizabeth Miller,2023-05-29
2027,David Davis,2022-08-01
2028,Linda Rodriguez,2022-07-31
2029,Michael Jones,2022-08-25
2030,Robert Davis,2023-11-23
2031,Elizabeth Jones,2023-01-07
2032,David Garcia,2022-12-10
2033,Robert Garcia,2023-05-04
2034,Patricia Smith,2023-06-19
2035,Robert Garcia,2023-10-19
2036,Linda Garcia,2023-08-11
2037,Linda Miller,2023-02-14
2038,James Garcia,2023-10-24
2039,David Garcia,2023-01-31
2040,Elizabeth Garcia,2022-10-31
2041,John Brown,2023-06-17
2042,Michael Jones,2022-03-07
2043,David Johnson,2022-07-27
2044,John Rodriguez,2022-09-27
2045,Michael Martinez,2022-05-01
2046,Patricia Brown,2022-07-08
2047,Robert Williams,2023-04-22
2048,Mary Rodriguez,2023-11-24
2049,James Jones,2023-06-05
2050,James Davis,2023-03-14
2051,Elizabeth Williams,2023-01-09
2052,Robert Rodriguez,2022-06-14
2053,Patricia Brown,2022-11-17
2054,Michael Williams,2023-09-23
2055,Michael Garcia,2022-05-13
2056,Linda Rodriguez,2023-05-18
2057,Mary Williams,2023-08-14
2058,John Garcia,2023-12-01
2059,Robert Davis,2023-03-29
2060,Jennifer Davis,2022-01-01
2061,Elizabeth Rodriguez,2023-02-09
2062,Linda Williams,2022-07-05
2063,Patricia Garcia,2023-01-03
2064,James Davis,2022-06-22
2065,David Williams,2023-01-11
2066,Linda Martinez,2023-11-20
2067,John Jones,2022-10-14
2068,Elizabeth Martinez,2022-11-20
2069,John Johnson,2022-04-20
2070,Jennifer Jones,2023-11-14
2071,Robert Williams,2023-01-12
2072,Elizabeth Davis,2022-04-10
2073,Jennifer Garcia,2022-09-19
2074,Elizabeth Smith,2022-11-27
2075,Linda Williams,2022-05-06
2076,Patricia Garcia,2023-10-09
2077,David Garcia,2022-03-27
2078,Elizabeth Smith,2023-09-27
2079,Robert Miller,2023-03-26
2080,Robert Miller,2022-03-08
2081,Michael Martinez,2023-05-07
2082,Robert Rodriguez,2022-02-12
2083,Robert Martinez,2023-03-10
2084,Linda Johnson,2022-09-16
2085,Elizabeth Johnson,2023-02-01
2086,Michael Jones,2022-09-19
2087,Mary Johnson,2023-07-08
2088,Robert Rodriguez,2023-05-28
2089,Robert Jones,2023-04-30
2090,Michael Davis,2022-11-01
2091,Robert Johnson,2023-04-17
2092,Robert Johnson,2023-09-02
2093,Linda Martinez,2022-01-04
2094,James Jones,2023-01-07
2095,Linda Miller,2022-03-24
2096,Linda Smith,2023-07-21
2097,Linda Davis,2022-12-26
2098,Patricia Brown,2023-07-05
2099,Jennifer Jones,2022-11-18
2100,Jennifer Garcia,2023-08-19
2101,John Smith,2023-11-10
2102,James Williams,2022-11-08
2103,Mary Johnson,2022-10-30
2104,Elizabeth Brown,2023-04-10
2105,Linda Rodriguez,2023-08-18
2106,John Jones,2023-09-30
2107,Linda Smith,2022-02-24
2108,James Rodriguez,2023-03-16
2109,Elizabeth Davis,2023-06-16
2110,John Miller,2023-10-02
2111,Patricia Johnson,2022-01-01
2112,Patricia Miller,2022-06-29
2113,Jennifer Rodriguez,2023-02-04
2114,Jennifer Martinez,2022-05-24
2115,Robert Smith,2023-06-30
2116,John Johnson,2022-10-16
2117,David Williams,2023-06-23
2118,Elizabeth Miller,2022-09-18
2119,Mary Johnson,2023-01-17
2120,Robert Jones,2023-07-14
2121,David Johnson,2022-06-23
2122,John Davis,2022-11-23
2123,James Smith,2023-03-10
2124,Patricia Williams,2023-03-08
2125,David Smith,2023-04-16
2126,Patricia Williams,2023-08-06
2127,Linda Davis,2023-02-08
2128,Patricia Davis,2022-11-23
2129,Robert Johnson,2023-02-19
2130,Robert Garcia,2023-11-26
2131,Elizabeth Miller,2022-03-28
2132,John Davis,2023-02-08
2133,Elizabeth Johnson,2022-05-06
2134,Michael Williams,2022-04-06
2135,Mary Martinez,2022-09-16
2136,Michael Rodriguez,2023-08-23
2137,John Johnson,2022-11-11
2138,Jennifer Brown,2022-12-13
2139,Patricia Smith,2022-12-30
2140,Jennifer Miller,2023-01-28
2141,Patricia Garcia,2022-05-23
2142,John Williams,2023-08-05
2143,James Smith,2022-01-11
2144,John Williams,2023-06-14
2145,Michael Rodriguez,2023-03-03
2146,John Miller,2023-01-16
2147,John Smith,2022-10-16
2148,David Brown,2023-11-12
2149,Mary Johnson,2022-04-10
2150,Michael Martinez,2023-10-17
2151,Patricia Jones,2022-06-05
2152,David Smith,2023-04-29
2153,David Martinez,2023-07-08
2154,Jennifer Davis,2022-02-02
2155,Mary Johnson,2023-11-29
2156,Patricia Garcia,2022-03-19
2157,Linda Jones,2022-03-24
2158,James Brown,2023-11-26
2159,James Williams,2022-06-02
2160,Elizabeth Smith,2022-12-02
2161,Mary Rodriguez,2022-10-02
2162,Michael Johnson,2023-02-18
2163,Michael Davis,2023-03-13
2164,Patricia Miller,2022-06-27
2165,Michael Brown,2022-04-02
2166,James Rodriguez,2022-08-06
2167,Linda Davis,2023-03-03
2168,Linda Smith,2022-06-14
2169,Linda Davis,2022-12-01
2170,Mary Smith,2022-07-29
2171,Linda Martinez,2023-08-25
2172,Robert Garcia,2022-10-11
2173,Linda Martinez,2022-02-01
2174,Linda Williams,2022-11-21
2175,Jennifer Smith,2023-03-27
2176,Robert Brown,2023-07-19
2177,Patricia Smith,2023-05-04
2178,James Brown,2023-04-20
2179,Patricia Williams,2023-09-25
2180,Jennifer Smith,2022-09-28
2181,Elizabeth Jones,2022-07-05
2182,Mary Smith,2023-08-03
2183,James Martinez,2022-11-21
2184,James Davis,2023-10-21
2185,James Martinez,2023-02-08
2186,David Johnson,2023-04-24
2187,Jennifer Rodriguez,2023-10-09
2188,Elizabeth Davis,2023-05-07
2189,Elizabeth Brown,2023-08-05
2190,Robert Martinez,2023-07-10
2191,Mary Martinez,2022-08-22
2192,Linda Miller,2022-03-21
2193,David Martinez,2022-02-24
2194,Patricia Rodriguez,2023-08-06
2195,Michael Johnson,2022-09-02
2196,Patricia Williams,2023-05-12
2197,Mary Garcia,2023-05-27
2198,Michael Jones,2023-02-23
2199,Jennifer Johnson,2022-06-15
2200,Jennifer Brown,2023-01-05
2201,John Jones,2023-08-12
2202,Robert Brown,2022-08-19
2203,Elizabeth Miller,2022-07-02
2204,James Johnson,2022-01-09
2205,Michael Rodriguez,2023-10-19
2206,Patricia Rodriguez,2022-09-19
2207,Michael Brown,2022-01-06
2208,Elizabeth Smith,2022-11-15
2209,Patricia Williams,2022-10-24
2210,Robert Miller,2022-05-19
2211,Linda Williams,2023-10-27
2212,Robert Williams,2023-02-04
2213,Robert Miller,2022-09-09
2214,David Williams,2023-05-11
2215,James Davis,2023-04-21
2216,Robert Miller,2022-01-28
2217,Elizabeth Rodriguez,2023-11-27
2218,David Johnson,2022-06-27
2219,David Jones,2022-09-03
2220,Elizabeth Jones,2022-12-25
2221,Elizabeth Johnson,2023-07-21
2222,James Miller,2022-04-21
2223,James Martinez,2023-02-28
2224,John Miller,2022-06-15
2225,Mary Garcia,2023-03-12
2226,Michael Garcia,2022-04-03
2227,Elizabeth Johnson,2022-11-13
2228,Elizabeth Martinez,2023-05-30
2229,Patricia Jones,2022-09-29
2230,Elizabeth Williams,2022-06-18
2231,Linda Garcia,2023-01-25
2232,John Miller,2023-11-11
2233,John Johnson,2023-06-02
2234,Elizabeth Johnson,2023-06-20
2235,David Johnson,2022-11-10
2236,Michael Brown,2023-05-03
2237,John Smith,2022-02-03
2238,Michael Williams,2023-02-11
2239,Michael Garcia,2023-08-15
2240,Patricia Garcia,2023-07-18
2241,Patricia Rodriguez,2023-07-10
2242,Patricia Williams,2022-08-08
2243,Michael Smith,2023-01-13
2244,James Rodriguez,2023-10-17
2245,Patricia Martinez,2022-04-01
2246,James Martinez,2023-07-03
2247,Michael Rodriguez,2023-09-24
2248,Patricia Brown,2022-02-23
2249,John Martinez,2023-07-26
2250,Mary Jones,2022-04-08
2251,Michael Rodriguez,2023-09-12
2252,Elizabeth Garcia,2023-10-04
2253,Elizabeth Smith,2022-12-05
2254,Elizabeth Martinez,2023-10-22
2255,Mary Rodriguez,2023-01-17
2256,Mary Davis,2023-05-26
2257,Elizabeth Rodriguez,2023-11-04
2258,Robert Johnson,2022-07-28
2259,Mary Johnson,2023-11-24
2260,Linda Jones,2023-01-07
2261,Mary Garcia,2023-04-25
2262,Robert Brown,2022-11-13
2263,David Davis,2023-07-14
2264,James Davis,2022-10-09
2265,Patricia Garcia,2023-04-29
2266,Patricia Johnson,2023-03-01
2267,John Brown,2023-04-18
2268,Elizabeth Smith,2023-05-22
2269,Patricia Davis,2023-08-01
2270,Patricia Miller,2023-07-01
2271,James Jones,2022-05-20
2272,Patricia Johnson,2023-01-31
2273,James Jones,2023-01-16
2274,David Davis,2022-01-06
2275,Elizabeth Williams,2022-12-11
2276,Elizabeth Brown,2022-06-06
2277,Patricia Brown,2022-04-10
2278,Mary Jones,2022-07-25
2279,James Brown,2022-03-09
2280,Michael Garcia,2023-06-11
2281,James Johnson,2023-09-12
2282,Robert Brown,2023-10-04
2283,John Jones,2022-08-14
2284,David Brown,2023-01-24
2285,Patricia Johnson,2023-01-24
2286,David Davis,2023-04-27
2287,Mary Rodriguez,2022-10-21
2288,James Jones,2023-06-13
2289,Mary Johnson,2022-10-18
2290,Elizabeth Smith,2022-11-17
2291,Robert Smith,2022-09-16
2292,Linda Garcia,2022-04-06
2293,Michael Rodriguez,2023-02-10
2294,Michael Martinez,2023-01-15
2295,Linda Martinez,2023-08-06
2296,Jennifer Brown,2023-01-19
2297,Robert Davis,2022-12-20
2298,Michael Brown,2022-09-08
2299,Patricia Rodriguez,2022-08-23
2300,Linda Davis,2023-02-03
2301,Robert Brown,2023-04-01
2302,Linda Davis,2022-10-06
2303,John Davis,2023-01-31
2304,Patricia Brown,2023-01-24
2305,Elizabeth Jones,2023-05-02
2306,Elizabeth Williams,2023-07-29
2307,James Brown,2023-01-03
2308,Mary Williams,2022-06-10
2309,Elizabeth Brown,2023-10-11
2310,Patricia Brown,2023-08-18
2311,Jennifer Rodriguez,2022-10-27
2312,John Miller,2022-03-17
2313,John Jones,2023-07-26
2314,John Johnson,2022-06-08
2315,Robert Davis,2023-03-01
2316,Jennifer Davis,2023-10-05
2317,Mary Smith,2023-02-15
2318,John Miller,2023-08-10
2319,Jennifer Smith,2022-05-07
2320,Mary Williams,2023-10-20
2321,Elizabeth Williams,2022-07-03
2322,Patricia Davis,2023-10-16
2323,Robert Jones,2023-08-29
2324,Patricia Johnson,2022-08-24
2325,John Garcia,2023-02-25
2326,Michael Davis,2022-03-26
2327,Jennifer Williams,2022-02-22
2328,Patricia Martinez,2023-03-05
2329,Patricia Smith,2023-04-17
2330,Michael Rodriguez,2022-08-05
2331,Robert Johnson,2022-01-11
2332,David Johnson,2023-05-14
2333,Mary Martinez,2022-12-12
2334,David Miller,2022-02-06
2335,Jennifer Smith,2023-06-28
2336,Patricia Rodriguez,2023-01-10
2337,James Rodriguez,2022-09-16
2338,David Brown,2023-03-04
2339,Mary Miller,2022-07-20
2340,John Garcia,2023-03-17
2341,John Martinez,2023-08-02
2342,John Miller,2023-09-11
2343,Patricia Martinez,2022-08-17
2344,Mary Brown,2022-10-20
2345,Mary Johnson,2022-12-01
2346,Robert Jones,2022-05-31
2347,David Davis,2022-03-31
2348,Patricia Williams,2023-07-04
2349,Michael Smith,2023-01-10
2350,Linda Johnson,2023-10-10
2351,David Smith,2023-04-30
2352,Robert Rodriguez,2023-02-01
2353,Jennifer Brown,2022-10-14
2354,James Rodriguez,2023-09-10
2355,Robert Brown,2023-04-25
2356,Jennifer Rodriguez,2023-07-28
2357,Linda Garcia,2023-04-29
2358,David Williams,2022-10-04
2359,Michael Williams,2023-04-23
2360,Robert Garcia,2023-10-05
2361,Mary Brown,2022-02-19
2362,John Jones,2022-10-07
2363,Jennifer Garcia,2023-03-29
2364,Jennifer Smith,2023-08-25
2365,Patricia Miller,2022-03-20
2366,Mary Brown,2023-03-29
2367,Jennifer Smith,2023-08-01
2368,Patricia Brown,2022-11-18
2369,Linda Williams,2023-03-08
2370,Patricia Williams,2023-01-07
2371,Robert Miller,2023-10-04
2372,John Smith,2022-06-25
2373,Robert Brown,2022-04-12
2374,Robert Williams,2023-08-16
2375,Robert Rodriguez,2023-04-21
2376,Elizabeth Garcia,2023-06-10
2377,Michael Davis,2023-04-23
2378,Mary Martinez,2022-04-12
2379,Jennifer Rodriguez,2023-10-22
2380,Jennifer Garcia,2022-01-08
2381,Elizabeth Davis,2022-05-25
2382,John Jones,2023-07-22
2383,Michael Davis,2023-01-20
2384,David Smith,2023-02-27
2385,Patricia Martinez,2023-06-04
2386,Michael Rodriguez,2022-08-21
2387,Patricia Martinez,2022-10-16
2388,Jennifer Davis,2022-02-06
2389,James Brown,2022-05-09
2390,David Rodriguez,2022-02-08
2391,Elizabeth Rodriguez,2022-11-26
2392,Elizabeth Williams,2022-11-25
2393,Mary Smith,2022-05-10
2394,John Davis,2023-06-01
2395,Jennifer Martinez,2022-09-16
2396,Robert Smith,2022-10-17
2397,Mary Martinez,2023-07-06
2398,James Smith,2022-06-25
2399,James Davis,2023-11-07
2400,John Jones,2023-04-10
2401,Linda Martinez,2023-03-05
2402,Elizabeth Garcia,2023-03-31
2403,Mary Martinez,2022-06-20
2404,Elizabeth Rodriguez,2023-04-12
2405,John Davis,2022-04-13
2406,James Brown,2022-03-06
2407,David Williams,2023-03-29
2408,Patricia Jones,2023-10-02
2409,John Martinez,2023-04-06
2410,Jennifer Davis,2023-06-20
2411,Elizabeth Davis,2022-01-07
2412,Patricia Rodriguez,2022-05-12
2413,John Brown,2023-07-18
2414,Patricia Smith,2022-05-19
2415,David Smith,2022-07-19
2416,Patricia Garcia,2023-03-10
2417,Michael Brown,2023-10-02
2418,Linda Miller,2023-01-23
2419,Mary Jones,2023-06-11
2420,Robert Rodriguez,2023-09-02
2421,James Johnson,2022-01-02
2422,Patricia Williams,2022-04-21
2423,David Martinez,2022-01-04
2424,David Jones,2022-04-18
2425,Jennifer Williams,2022-02-22
2426,Elizabeth Jones,2023-06-24
2427,James Smith,2022-09-10
2428,Robert Brown,2023-06-13
2429,Linda Smith,2023-07-27
2430,Michael Garcia,2023-11-20
2431,Michael Smith,2023-10-22
2432,Mary Smith,2023-02-01
2433,Jennifer Williams,2023-01-06
2434,James Davis,2022-09-12
2435,Patricia Brown,2022-11-23
2436,James Garcia,2022-02-27
2437,Elizabeth Martinez,2023-07-18
2438,Robert Williams,2023-01-13
2439,John Smith,2023-03-23
2440,Jennifer Jones,2022-04-11
2441,James Miller,2023-08-05
2442,Patricia Williams,2022-08-22
2443,Mary Jones,2022-03-21
2444,Robert Brown,2023-02-08
2445,Mary Miller,2023-10-22
2446,Mary Davis,2022-11-17
2447,David Rodriguez,2022-06-25
2448,Linda Williams,2023-06-25
2449,Michael Rodriguez,2023-04-29
2450,Patricia Rodriguez,2022-11-21
2451,David Garcia,2023-06-25
2452,Mary Garcia,2023-11-24
2453,Michael Brown,2023-11-13
2454,Jennifer Williams,2023-01-17
2455,Michael Miller,2022-11-26
2456,Linda Martinez,2022-08-12
2457,Patricia Rodriguez,2023-06-17
2458,David Davis,2022-06-28
2459,Patricia Martinez,2023-08-27
2460,James Rodriguez,2022-03-10
2461,Elizabeth Davis,2022-01-09
2462,Patricia Jones,2022-07-27
2463,Linda Johnson,2022-09-14
2464,Jennifer Davis,2023-02-10
2465,Patricia Jones,2022-08-13
2466,Patricia Rodriguez,2023-09-26
2467,Elizabeth Smith,2022-12-04
2468,Elizabeth Williams,2023-09-04
2469,David Johnson,2022-08-09
2470,Robert Davis,2023-02-12
2471,Linda Miller,2022-03-02
2472,Michael Rodriguez,2022-07-06
2473,Michael Martinez,2022-06-23
2474,Patricia Martinez,2023-04-03
2475,James Miller,2022-03-21
2476,Patricia Jones,2022-04-27
2477,Elizabeth Garcia,2023-02-15
2478,Robert Jones,2022-07-02
2479,Jennifer Brown,2022-02-18
2480,James Rodriguez,2023-06-09
2481,John Jones,2022-10-05
2482,David Garcia,2022-11-22
2483,David Davis,2023-05-18
2484,Michael Jones,2023-07-26
2485,Jennifer Martinez,2023-04-21
2486,Patricia Smith,2022-03-05
2487,David Johnson,2023-02-11
2488,Jennifer Smith,2022-12-13
2489,Robert Johnson,2023-03-06
2490,John Brown,2023-11-05
2491,John Smith,2022-08-21
2492,John Rodriguez,2022-02-18
2493,Elizabeth Smith,2022-01-30
2494,Michael Davis,2023-11-10
2495,James Martinez,2022-01-08
2496,David Williams,2023-02-19
2497,Elizabeth Johnson,2022-02-14
2498,Jennifer Brown,2022-11-27
2499,Robert Rodriguez,2023-01-11
2500,Robert Garcia,2022-05-24
2501,John Brown,2023-10-16
2502,Robert Williams,2023-09-17
2503,James Garcia,2023-11-10
2504,Elizabeth Smith,2022-07-09
2505,Mary Williams,2022-04-03
2506,Linda Jones,2022-02-23
2507,Michael Brown,2023-10-01
2508,Robert Davis,2023-01-08
2509,James Smith,2023-05-26
2510,Mary Martinez,2023-02-12
2511,Jennifer Davis,2023-11-13
2512,James Davis,2022-08-09
2513,Michael Rodriguez,2022-10-19
2514,Mary Davis,2023-03-23
2515,Patricia Smith,2023-06-15
2516,Patricia Miller,2023-10-13
2517,Elizabeth Garcia,2023-06-27
2518,James Miller,2023-05-31
2519,Jennifer Jones,2023-04-25
2520,David Williams,2023-05-29
2521,Linda Davis,2022-06-07
2522,Michael Williams,2022-03-06
2523,Mary Smith,2023-07-04
2524,David Johnson,2023-09-28
2525,David Smith,2023-04-14
2526,Linda Johnson,2022-11-21
2527,Robert Brown,2022-08-14
2528,Jennifer Williams,2023-03-02
2529,Mary Davis,2022-05-22
2530,David Rodriguez,2023-02-18
2531,Michael Miller,2022-03-29
2532,Michael Davis,2023-02-07
2533,James Johnson,2022-04-18
2534,David Rodriguez,2023-07-02
2535,Robert Garcia,2022-12-10
2536,John Miller,2022-01-29
2537,Mary Jones,2022-11-17
2538,Patricia Davis,2023-10-02
2539,Patricia Brown,2022-11-14
2540,Linda Johnson,2023-08-18
2541,James Martinez,2022-05-04
2542,John Garcia,2023-05-21
2543,John Williams,2023-04-01
2544,James Smith,2023-06-09
2545,Robert Brown,2023-12-01
2546,Michael Davis,2022-07-08
2547,Mary Jones,2022-12-13
2548,Elizabeth Williams,2023-10-20
2549,Mary Rodriguez,2022-11-30
2550,Mary Miller,2023-11-08
2551,Robert Martinez,2022-04-03
2552,John Rodriguez,2022-08-06
2553,David Garcia,2023-06-26
2554,Elizabeth Garcia,2023-03-08
2555,Elizabeth Miller,2023-10-03
2556,John Miller,2022-12-10
2557,David Rodriguez,2022-04-28
2558,Linda Rodriguez,2022-03-04
2559,Robert Davis,2022-07-30
2560,John Rodriguez,2023-11-11
2561,Mary Rodriguez,2023-01-04
2562,David Martinez,2023-05-16
2563,Mary Williams,2023-08-30
2564,Robert Johnson,2022-04-29
2565,Patricia Martinez,2023-02-20
2566,Mary Brown,2023-07-03
2567,James Miller,2023-04-14
2568,Linda Miller,2022-07-01
2569,James Williams,2022-08-09
2570,Linda Jones,2022-09-02
2571,Patricia Johnson,2023-10-13
2572,Patricia Smith,2023-07-28
2573,Patricia Johnson,2023-10-25
2574,John Williams,2022-03-23
2575,Robert Davis,2022-07-05
2576,Patricia Garcia,2023-10-24
2577,Elizabeth Williams,2023-08-01
2578,John Brown,2023-11-07
2579,Elizabeth Martinez,2022-04-18
2580,Linda Miller,2023-02-08
2581,David Miller,2023-01-18
2582,Michael Williams,2023-11-24
2583,Linda Williams,2023-07-09
2584,James Davis,2022-05-29
2585,John Garcia,2022-05-17
2586,James Rodriguez,2022-10-31
2587,Michael Davis,2022-09-04
2588,Mary Davis,2023-08-05
2589,James Davis,2023-09-08
2590,David Rodriguez,2023-04-07
2591,Patricia Williams,2023-02-21
2592,Michael Martinez,2023-01-15
2593,David Davis,2022-06-17
2594,John Brown,2022-01-05
2595,James Rodriguez,2022-10-02
2596,Robert Johnson,2022-03-22
2597,Robert Smith,2023-05-27
2598,Patricia Brown,2023-10-17
2599,Patricia Miller,2023-06-16
2600,John Williams,2023-07-31
2601,Mary Davis,2022-12-05
2602,Elizabeth Garcia,2022-11-13
2603,Mary Garcia,2023-05-26
2604,Patricia Williams,2023-04-22
2605,Mary Rodriguez,2022-12-28
2606,Michael Davis,2022-09-13
2607,Linda Brown,2022-04-22
2608,John Brown,2022-07-25
2609,Michael Martinez,2023-08-28
2610,Linda Martinez,2023-01-13
2611,Mary Johnson,2023-11-25
2612,Elizabeth Rodriguez,2022-06-12
2613,Elizabeth Johnson,2023-02-03
2614,Michael Rodriguez,2022-11-27
2615,Patricia Williams,2023-10-26
2616,Elizabeth Brown,2022-01-08
2617,Mary Martinez,2022-05-21
2618,Elizabeth Smith,2023-08-06
2619,Patricia Garcia,2022-11-12
2620,Patricia Jones,2023-05-02
2621,Robert Martinez,2022-08-01
2622,Patricia Miller,2023-04-14
2623,James Miller,2022-05-12
2624,David Davis,2023-02-27
2625,Elizabeth Garcia,2023-01-02
2626,Patricia Garcia,2022-04-02
2627,Patricia Rodriguez,2023-03-19
2628,Robert Johnson,2022-06-30
2629,Linda Garcia,2022-10-19
2630,Jennifer Rodriguez,2022-02-24
2631,Mary Davis,2022-10-03
2632,James Jones,2023-01-12
2633,Linda Johnson,2023-01-13
2634,Robert Davis,2022-02-19
2635,James Martinez,2023-03-22
2636,James Martinez,2023-05-28
2637,Elizabeth Rodriguez,2022-12-14
2638,John Brown,2022-12-07
2639,Robert Rodriguez,2023-09-07
2640,David Johnson,2022-07-15
2641,Michael Rodriguez,2023-03-06
2642,Elizabeth Miller,2023-02-04
2643,Elizabeth Brown,2023-02-25
2644,Michael Garcia,2023-07-30
2645,John Miller,2023-11-14
2646,Michael Jones,2023-02-03
2647,Linda Garcia,2023-01-01
2648,Mary Jones,2023-05-12
2649,Patricia Davis,2022-08-07
2650,Linda Miller,2022-03-14
2651,Robert Martinez,2022-09-22
2652,Linda Johnson,2023-10-29
2653,James Smith,2023-01-10
2654,Robert Garcia,2022-03-24
2655,David Davis,2022-06-13
2656,Robert Brown,2023-02-06
2657,David Williams,2022-06-17
2658,Mary Johnson,2022-09-10
2659,Mary Brown,2022-08-09
2660,Mary Miller,2023-11-16
2661,Linda Jones,2023-11-29
2662,John Brown,2022-08-17
2663,Michael Martinez,2023-02-27
2664,Mary Davis,2022-04-17
2665,Michael Jones,2023-02-21
2666,Michael Smith,2022-12-17
2667,David Martinez,2023-05-15
2668,Jennifer Smith,2023-11-13
2669,Michael Rodriguez,2022-11-05
2670,Jennifer Davis,2022-12-09
2671,Mary Jones,2023-05-24
2672,David Williams,2023-04-13
2673,Robert Rodriguez,2023-11-13
2674,Michael Smith,2023-01-02
2675,Elizabeth Jones,2022-10-20
2676,Jennifer Garcia,2022-12-08
2677,Robert Miller,2023-09-29
2678,John Martinez,2023-02-05
2679,David Brown,2022-06-23
2680,Robert Garcia,2022-06-05
2681,John Davis,2023-11-10
2682,Mary Martinez,2023-07-23
2683,James Jones,2023-09-17
2684,Linda Smith,2023-11-07
2685,Robert Smith,2022-10-23
2686,Linda Brown,2022-03-05
2687,Michael Rodriguez,2022-11-22
2688,Linda Jones,2022-04-23
2689,Jennifer Williams,2023-07-07
2690,John Davis,2023-02-13
2691,David Williams,2023-02-10
2692,Robert Johnson,2023-03-16
2693,Elizabeth Jones,2022-10-04
2694,Elizabeth Williams,2022-12-28
2695,Elizabeth Smith,2023-11-20
2696,John Brown,2023-11-14
2697,David Brown,2023-07-21
2698,Linda Davis,2023-06-16
2699,Robert Brown,2022-11-08
2700,Robert Brown,2023-09-24
2701,James Martinez,2023-09-02
2702,Michael Johnson,2023-02-17
2703,James Miller,2023-07-19
2704,David Martinez,2022-06-12
2705,Michael Rodriguez,2022-12-29
2706,Patricia Williams,2022-04-04
2707,David Rodriguez,2022-11-07
2708,David Brown,2022-09-25
2709,David Davis,2023-05-26
2710,David Davis,2022-11-28
2711,Patricia Garcia,2023-10-15
2712,Robert Smith,2023-02-24
2713,James Smith,2023-05-18
2714,John Brown,2023-05-21
2715,Jennifer Williams,2022-01-01
2716,Michael Garcia,2023-11-30
2717,Elizabeth Miller,2022-06-22
2718,Patricia Jones,2023-07-23
2719,Elizabeth Smith,2022-03-24
2720,James Smith,2023-01-10
2721,Robert Brown,2022-11-16
2722,Mary Davis,2022-11-03
2723,Robert Smith,2023-11-24
2724,Elizabeth Brown,2022-08-21
2725,Mary Garcia,2022-04-12
2726,Robert Brown,2022-10-01
2727,Robert Miller,2023-05-23
2728,Mary Martinez,2023-01-29
2729,Linda Davis,2023-03-22
2730,Jennifer Davis,2022-07-29
2731,Elizabeth Martinez,2022-05-31
2732,John Brown,2022-07-12
2733,Patricia Smith,2022-02-06
2734,Linda Brown,2023-03-25
2735,Elizabeth Davis,2023-08-18
2736,Jennifer Brown,2023-09-21
2737,Patricia Jones,2022-07-01
2738,Michael Jones,2023-02-15
2739,Linda Williams,2023-11-28
2740,Jennifer Davis,2022-06-06
2741,Patricia Rodriguez,2023-01-08
2742,Patricia Brown,2023-09-11
2743,John Martinez,2022-02-08
2744,Robert Garcia,2023-05-14
2745,Patricia Rodriguez,2023-05-26
2746,Michael Davis,2022-11-19
2747,John Jones,2022-11-28
2748,Mary Smith,2023-10-11
2749,James Rodriguez,2022-12-16
2750,Michael Williams,2023-03-21
2751,Patricia Davis,2022-07-08
2752,Elizabeth Brown,2023-06-22
2753,John Martinez,2022-03-23
2754,Elizabeth Davis,2023-08-11
2755,John Jones,2023-08-29
2756,Mary Johnson,2023-03-11
2757,Patricia Davis,2022-01-08
2758,Jennifer Davis,2022-08-09
2759,Jennifer Jones,2023-04-22
2760,Linda Brown,2023-11-15
2761,Jennifer Johnson,2023-11-10
2762,Mary Garcia,2022-02-19
2763,John Davis,2023-09-11
2764,James Brown,2022-08-01
2765,Patricia Brown,2022-08-24
2766,Elizabeth Rodriguez,2022-05-15
2767,Michael Rodriguez,2022-02-02
2768,James Rodriguez,2022-04-03
2769,Jennifer Garcia,2022-04-29
2770,Patricia Smith,2023-03-31
2771,David Miller,2023-01-19
2772,John Brown,2022-08-07
2773,Robert Jones,2022-06-16
2774,Michael Rodriguez,2022-10-09
2775,Patricia Garcia,2023-09-26
2776,Robert Martinez,2023-09-14
2777,James Miller,2022-05-28
2778,John Jones,2022-10-23
2779,Elizabeth Smith,2023-03-10
2780,Elizabeth Jones,2022-11-15
2781,John Jones,2023-07-10
2782,Robert Smith,2023-05-25
2783,John Jones,2023-07-05
2784,Mary Williams,2022-01-20
2785,David Garcia,2023-05-05
2786,Robert Garcia,2022-11-16
2787,Jennifer Johnson,2022-10-20
2788,Jennifer Smith,2023-09-13
2789,Jennifer Williams,2023-03-07
2790,John Martinez,2022-01-10
2791,Mary Garcia,2023-05-24
2792,Patricia Jones,2022-08-06
2793,Robert Johnson,2023-06-12
2794,James Davis,2023-11-13
2795,Elizabeth Williams,2022-09-25
2796,David Johnson,2023-06-15
2797,Mary Williams,2022-10-22
2798,Elizabeth Williams,2022-09-29
2799,Linda Jones,2022-05-31
2800,David Williams,2023-05-04
2801,Mary Brown,2022-10-17
2802,David Smith,2022-06-30
2803,James Smith,2022-07-14
2804,Robert Martinez,2022-08-18
2805,James Johnson,2022-01-31
2806,John Garcia,2023-03-20
2807,James Martinez,2023-01-02
2808,Jennifer Jones,2022-07-06
2809,Patricia Miller,2023-06-23
2810,James Garcia,2023-01-21
2811,Patricia Miller,2023-11-01
2812,Patricia Williams,2023-04-04
2813,John Davis,2022-07-11
2814,Patricia Jones,2023-05-23
2815,Patricia Garcia,2023-11-30
2816,James Rodriguez,2023-09-19
2817,Jennifer Williams,2022-01-20
2818,Elizabeth Garcia,2023-11-04
2819,David Johnson,2023-09-24
2820,Patricia Davis,2022-09-30
2821,James Johnson,2023-10-24
2822,Mary Brown,2023-07-14
2823,Robert Brown,2023-06-24
2824,John Johnson,2022-08-17
2825,James Miller,2023-07-21
2826,Linda Johnson,2022-03-13
2827,James Garcia,2023-04-05
2828,Linda Davis,2022-02-06
2829,Linda Martinez,2022-02-04
2830,Linda Smith,2023-04-16
2831,Elizabeth Miller,2023-10-21
2832,James Davis,2022-04-18
2833,James Williams,2022-02-03
2834,Michael Jones,2023-08-25
2835,David Williams,2023-03-04
2836,James Johnson,2022-01-28
2837,David Williams,2022-05-28
2838,Mary Johnson,2022-07-11
2839,Jennifer Williams,2023-03-16
2840,James Garcia,2022-11-14
2841,Mary Martinez,2023-02-25
2842,Michael Smith,2022-02-12
2843,Patricia Smith,2022-12-25
2844,Michael Rodriguez,2022-03-03
2845,Linda Rodriguez,2023-09-24
2846,Linda Brown,2022-07-22
2847,David Smith,2023-03-25
2848,James Williams,2023-05-19
2849,Mary Williams,2022-04-15
2850,Robert Brown,2022-04-25
2851,Elizabeth Smith,2022-06-11
2852,Jennifer Smith,2023-02-17
2853,Robert Williams,2023-07-20
2854,Mary Garcia,2023-05-29
2855,Elizabeth Garcia,2023-03-18
2856,Michael Williams,2023-01-20
2857,David Miller,2023-08-01
2858,Mary Smith,2023-01-11
2859,James Garcia,2023-02-15
2860,Patricia Miller,2023-04-19
2861,Patricia Jones,2023-11-08
2862,Elizabeth Davis,2023-08-04
2863,John Jones,2022-07-31
2864,David Martinez,2022-10-24
2865,Patricia Davis,2022-06-10
2866,John Davis,2023-09-15
2867,Linda Jones,2022-05-27
2868,David Davis,2023-07-29
2869,Patricia Rodriguez,2022-11-07
2870,Mary Miller,2022-02-07
2871,Michael Davis,2022-08-30
2872,Patricia Johnson,2023-11-28
2873,Patricia Smith,2022-01-07
2874,Mary Johnson,2023-02-12
2875,Michael Rodriguez,2023-08-13
2876,David Davis,2022-08-27
2877,Linda Miller,2022-03-14
2878,Elizabeth Jones,2022-10-16
2879,Elizabeth Martinez,2022-01-20
2880,Elizabeth Brown,2023-10-07
2881,Jennifer Brown,2022-10-12
2882,Jennifer Miller,2022-07-20
2883,Michael Garcia,2022-03-12
2884,Robert Rodriguez,2022-11-21
2885,John Jones,2023-09-23
2886,James Rodriguez,2022-09-05
2887,Patricia Johnson,2023-10-15
2888,Michael Williams,2023-11-21
2889,Robert Smith,2023-02-02
2890,Elizabeth Garcia,2022-01-30
2891,David Brown,2023-11-21
2892,Linda Williams,2022-02-19
2893,Mary Brown,2022-07-09
2894,Michael Garcia,2023-03-07
2895,Robert Garcia,2022-03-28
2896,Robert Rodriguez,2022-08-24
2897,Elizabeth Jones,2022-11-25
2898,Elizabeth Johnson,2023-09-23
2899,James Jones,2023-06-18
2900,John Rodriguez,2022-10-24
2901,Michael Davis,2022-11-18
2902,Elizabeth Brown,2023-03-26
2903,James Garcia,2023-03-16
2904,James Jones,2023-07-31
2905,Michael Miller,2023-09-26
2906,Jennifer Brown,2022-12-01
2907,Patricia Miller,2022-01-04
2908,Jennifer Williams,2022-10-13
2909,Linda Johnson,2023-11-15
2910,Patricia Davis,2023-07-16
2911,Patricia Brown,2023-09-08
2912,John Smith,2022-06-14
2913,David Jones,2022-01-30
2914,Linda Rodriguez,2023-06-23
2915,James Williams,2022-09-29
2916,Jennifer Davis,2023-10-15
2917,Jennifer Brown,2022-01-21
2918,John Jones,2022-10-02
2919,David Miller,2022-03-03
2920,Elizabeth Rodriguez,2023-01-25
2921,Mary Miller,2023-07-28
2922,Patricia Jones,2023-05-27
2923,James Davis,2022-12-24
2924,Jennifer Martinez,2023-05-01
2925,Robert Jones,2022-09-17
2926,David Rodriguez,2023-07-09
2927,Michael Jones,2023-01-15
2928,John Smith,2023-08-25
2929,John Garcia,2023-10-03
2930,Linda Martinez,2023-03-07
2931,Linda Jones,2023-08-16
2932,David Brown,2023-08-05
2933,James Johnson,2022-01-26
2934,Linda Smith,2022-12-10
2935,Patricia Davis,2022-07-24
2936,Linda Rodriguez,2023-08-23
2937,Michael Davis,2022-10-19
2938,John Miller,2022-02-16
2939,Linda Johnson,2023-08-21
2940,Elizabeth Williams,2022-04-17
2941,Linda Jones,2023-01-12
2942,Jennifer Williams,2023-09-04
2943,Elizabeth Miller,2023-10-26
2944,Robert Rodriguez,2023-12-01
2945,Linda Martinez,2022-03-31
2946,James Rodriguez,2022-01-22
2947,David Jones,2022-09-19
2948,Elizabeth Miller,2022-07-29
2949,David Davis,2022-02-13
2950,Jennifer Garcia,2023-10-07
2951,David Brown,2023-07-31
2952,Michael Jones,2023-11-23
2953,Elizabeth Miller,2023-01-03
2954,David Smith,2022-10-06
2955,Mary Williams,2022-03-24
2956,Michael Garcia,2022-05-07
2957,Linda Brown,2022-08-09
2958,David Smith,2023-04-14
2959,Linda Williams,2022-02-04
2960,John Martinez,2022-03-01
2961,David Johnson,2022-12-19
2962,Jennifer Rodriguez,2022-04-20
2963,Michael Williams,2023-01-17
2964,David Rodriguez,2022-08-10
2965,James Miller,2023-08-13
2966,Michael Davis,2023-02-04
2967,Elizabeth Brown,2022-05-23
2968,Elizabeth Martinez,2023-09-28
2969,Mary Jones,2022-01-05
2970,Linda Garcia,2023-09-17
2971,Patricia Jones,2022-12-11
2972,James Johnson,2022-11-18
2973,Patricia Brown,2022-06-02
2974,Linda Johnson,2022-09-30
2975,John Johnson,2022-08-07
2976,Elizabeth Rodriguez,2023-11-09
2977,David Rodriguez,2022-06-10
2978,Elizabeth Brown,2023-01-13
2979,Elizabeth Davis,2022-12-28
2980,Michael Johnson,2022-02-25
2981,Michael Rodriguez,2022-05-23
2982,Michael Miller,2022-02-28
2983,Mary Johnson,2023-08-26
2984,Patricia Brown,2023-09-26
2985,Michael Miller,2023-07-05
2986,John Miller,2023-06-27
2987,Jennifer Rodriguez,2023-08-29
2988,Patricia Garcia,2023-03-18
2989,John Davis,2022-02-27
2990,James Jones,2022-06-21
2991,James Johnson,2023-01-28
2992,John Johnson,2022-09-13
2993,Mary Johnson,2023-07-24
2994,David Davis,2023-10-24
2995,James Miller,2022-05-30
2996,Robert Johnson,2022-04-28
2997,John Johnson,2022-01-18
2998,James Davis,2023-10-25
2999,James Brown,2022-05-20
3000,Robert Williams,2022-08-13
3001,Patricia Smith,2023-06-24
3002,Robert Garcia,2023-11-05
3003,Patricia Rodriguez,2022-07-17
3004,John Garcia,2022-09-23
3005,Mary Jones,2023-09-17
3006,Jennifer Brown,2022-09-30
3007,Mary Rodriguez,2023-06-07
3008,John Williams,2023-11-19
3009,John Johnson,2022-02-24
3010,James Miller,2023-01-09
3011,John Brown,2022-09-26
3012,John Smith,2023-07-24
3013,Linda Johnson,2023-08-12
3014,Robert Rodriguez,2023-03-09
3015,James Johnson,2023-08-25
3016,Michael Davis,2023-11-28
3017,Jennifer Williams,2023-02-24
3018,James Rodriguez,2023-03-05
3019,Elizabeth Smith,2023-01-03
3020,John Brown,2023-02-17
3021,Robert Davis,2023-06-29
3022,Linda Davis,2022-03-05
3023,Jennifer Smith,2022-12-03
3024,Robert Brown,2023-10-26
3025,James Jones,2022-08-13
3026,John Smith,2022-12-04
3027,Jennifer Jones,2022-05-15
3028,Mary Williams,2023-02-05
3029,Michael Miller,2022-01-13
3030,Patricia Brown,2022-10-12
3031,David Jones,2023-02-05
3032,Mary Garcia,2022-09-13
3033,David Johnson,2023-05-20
3034,Patricia Martinez,2022-08-07
3035,Jennifer Garcia,2023-07-13
3036,Michael Davis,2023-08-30
3037,Robert Smith,2022-11-10
3038,Mary Davis,2022-10-28
3039,Linda Williams,2023-03-23
3040,Patricia Smith,2023-11-02
3041,Patricia Brown,2023-05-13
3042,James Jones,2023-04-18
3043,Jennifer Miller,2023-09-29
3044,Robert Rodriguez,2022-04-16
3045,David Rodriguez,2022-09-27
3046,David Miller,2022-05-22
3047,Mary Davis,2022-03-23
3048,David Garcia,2022-04-09
3049,Michael Johnson,2023-04-20
3050,Mary Johnson,2023-06-07
3051,Elizabeth Smith,2022-02-18
3052,Jennifer Smith,2023-03-27
3053,Jennifer Williams,2023-06-22
3054,Robert Jones,2022-12-17
3055,Linda Jones,2023-08-03
3056,Elizabeth Martinez,2022-10-20
3057,Patricia Davis,2022-03-24
3058,Patricia Martinez,2023-10-31
3059,Linda Miller,2022-02-12
3060,Mary Brown,2023-11-29
3061,Elizabeth Johnson,2023-01-24
3062,Elizabeth Martinez,2022-06-18
3063,Jennifer Williams,2022-10-04
3064,John Johnson,2023-08-05
3065,James Jones,2022-02-21
3066,David Jones,2022-01-21
3067,Michael Brown,2023-09-24
3068,Michael Jones,2022-09-03
3069,Michael Martinez,2023-11-20
3070,Patricia Rodriguez,2023-09-22
3071,James Jones,2022-08-27
3072,Linda Rodriguez,2023-11-14
3073,John Williams,2023-10-13
3074,David Miller,2023-03-06
3075,Mary Martinez,2023-01-28
3076,James Martinez,2022-12-09
3077,Elizabeth Miller,2023-08-20
3078,Mary Rodriguez,2023-11-03
3079,Patricia Johnson,2022-07-26
3080,David Davis,2023-01-28
3081,Linda Jones,2022-05-07
3082,Elizabeth Rodriguez,2022-11-23
3083,Elizabeth Garcia,2023-10-31
3084,John Rodriguez,2023-09-28
3085,John Garcia,2023-11-13
3086,David Brown,2022-08-29
3087,Elizabeth Martinez,2023-09-12
3088,Linda Williams,2022-05-05
3089,Robert Jones,2023-07-19
3090,Elizabeth Rodriguez,2022-09-09
3091,Patricia Martinez,2023-06-10
3092,John Davis,2022-01-24
3093,Patricia Johnson,2023-06-18
3094,Linda Miller,2022-07-18
3095,John Brown,2022-12-06
3096,James Miller,2022-08-14
3097,Linda Williams,2023-08-17
3098,Patricia Davis,2023-01-28
3099,Linda Davis,2023-04-14
3100,Elizabeth Jones,2022-02-25
3101,Jennifer Garcia,2023-08-06
3102,James Jones,2023-01-08
3103,Mary Rodriguez,2023-07-15
3104,Mary Miller,2023-05-22
3105,Robert Brown,2023-08-31
3106,Elizabeth Garcia,2022-06-21
3107,Jennifer Rodriguez,2023-11-03
3108,Patricia Johnson,2023-04-13
3109,Robert Miller,2023-04-08
3110,James Brown,2023-11-03
3111,David Garcia,2023-03-18
3112,Jennifer Jones,2023-11-08
3113,John Williams,2022-12-23
3114,John Jones,2023-04-13
3115,Patricia Rodriguez,2023-04-21
3116,Michael Davis,2022-10-20
3117,James Williams,2023-07-07
3118,John Williams,2023-11-05
3119,Michael Davis,2023-02-08
3120,John Johnson,2023-02-26
3121,Robert Davis,2023-09-28
3122,Linda Davis,2022-09-16
3123,Mary Smith,2022-10-10
3124,Linda Miller,2022-04-11
3125,Elizabeth Miller,2023-09-27
3126,Jennifer Smith,2022-01-08
3127,Michael Johnson,2023-02-24
3128,Linda Johnson,2022-04-29
3129,Mary Jones,2023-09-16
3130,Robert Brown,2023-11-05
3131,Robert Williams,2022-08-14
3132,Patricia Smith,2023-02-17
3133,Linda Jones,2023-06-27
3134,Mary Williams,2022-07-11
3135,Michael Martinez,2022-06-15
3136,Michael Davis,2022-01-04
3137,James Johnson,2022-05-10
3138,Patricia Davis,2022-03-19
3139,John Martinez,2023-09-23
3140,Michael Jones,2022-10-31
3141,Linda Garcia,2022-11-01
3142,Michael Davis,2022-11-16
3143,John Williams,2022-11-17
3144,Patricia Miller,2022-05-26
3145,Mary Johnson,2022-12-04
3146,David Miller,2023-06-07
3147,Mary Jones,2022-02-13
3148,Mary Williams,2022-06-09
3149,Jennifer Smith,2022-02-08
3150,Mary Jones,2022-05-16
3151,Michael Miller,2023-01-04
3152,Robert Martinez,2023-01-18
3153,James Williams,2022-11-06
3154,David Brown,2023-01-03
3155,Mary Davis,2022-03-31
3156,Linda Miller,2022-01-19
3157,Robert Brown,2022-09-13
3158,Linda Davis,2022-09-05
3159,David Miller,2023-05-09
3160,David Rodriguez,2022-10-07
3161,David Martinez,2022-06-13
3162,Michael Miller,2023-01-12
3163,Michael Miller,2022-02-22
3164,Robert Johnson,2022-05-07
3165,Jennifer Miller,2023-06-16
3166,Patricia Jones,2023-01-13
3167,Elizabeth Jones,2023-04-04
3168,John Miller,2022-05-15
3169,Michael Garcia,2023-04-26
3170,Linda Williams,2022-08-24
3171,Mary Williams,2022-12-30
3172,Mary Williams,2023-03-05
3173,Michael Garcia,2023-10-02
3174,David Garcia,2023-06-14
3175,Elizabeth Jones,2022-12-04
3176,Patricia Brown,2022-02-08
3177,David Smith,2022-05-05
3178,John Martinez,2022-11-03
3179,Linda Martinez,2022-03-03
3180,Robert Garcia,2022-01-13
3181,Jennifer Jones,2022-04-16
3182,John Jones,2022-09-25
3183,James Smith,2023-07-13
3184,Jennifer Jones,2022-07-27
3185,Robert Garcia,2023-05-29
3186,Michael Rodriguez,2022-03-08
3187,Elizabeth Davis,2022-05-12
3188,Robert Martinez,2023-01-01
3189,Jennifer Garcia,2022-10-06
3190,David Jones,2023-05-18
3191,David Williams,2022-04-24
3192,Robert Smith,2022-09-14
3193,Elizabeth Garcia,2022-05-07
3194,Elizabeth Williams,2023-07-11
3195,James Miller,2022-05-28
3196,Robert Johnson,2022-09-15
3197,Patricia Williams,2023-05-05
3198,David Davis,2023-08-04
3199,Patricia Williams,2022-11-05
3200,Linda Johnson,2022-10-09
3201,Mary Brown,2023-07-30
3202,Patricia Brown,2023-03-28
3203,John Miller,2022-09-06
3204,Robert Williams,2022-10-13
3205,Patricia Smith,2023-02-10
3206,Patricia Williams,2022-10-31
3207,John Williams,2022-09-01
3208,Robert Davis,2023-03-28
3209,David Davis,2022-12-05
3210,David Williams,2022-10-23
3211,David Miller,2023-08-08
3212,James Garcia,2022-06-19
3213,James Garcia,2022-08-08
3214,David Rodriguez,2023-02-23
3215,Patricia Garcia,2022-09-25
3216,John Brown,2022-01-22
3217,Michael Davis,2023-09-24
3218,Mary Miller,2022-04-15
3219,Patricia Smith,2023-04-20
3220,Jennifer Martinez,2023-02-21
3221,Jennifer Williams,2022-05-30
3222,Jennifer Jones,2023-07-03
3223,Patricia Jones,2023-06-22
3224,Michael Miller,2023-01-11
3225,Elizabeth Jones,2022-04-21
3226,Linda Garcia,2023-03-01
3227,James Davis,2022-10-13
3228,Patricia Garcia,2023-01-11
3229,James Johnson,2023-05-06
3230,Michael Davis,2022-12-26
3231,Elizabeth Johnson,2022-04-01
3232,James Martinez,2022-10-21
3233,Michael Smith,2023-06-29
3234,Michael Johnson,2023-07-02
3235,Robert Rodriguez,2022-11-14
3236,John Davis,2022-02-22
3237,Elizabeth Rodriguez,2023-09-03
3238,Robert Rodriguez,2022-07-06
3239,Patricia Smith,2023-04-30
3240,Patricia Brown,2023-10-19
3241,Mary Martinez,2022-08-30
3242,Robert Martinez,2022-02-12
3243,Elizabeth Davis,2022-10-22
3244,John Rodriguez,2023-06-11
3245,Mary Smith,2022-10-05
3246,Robert Williams,2022-01-03
3247,John Jones,2023-10-20
3248,Linda Brown,2022-02-15
3249,Michael Davis,2022-07-28
3250,Jennifer Johnson,2023-11-18
3251,Patricia Williams,2023-05-28
3252,Robert Jones,2023-09-17
3253,David Miller,2022-06-29
3254,James Williams,2023-01-09
3255,James Johnson,2023-07-03
3256,Jennifer Miller,2022-03-31
3257,Jennifer Garcia,2023-09-20
3258,David Rodriguez,2023-09-19
3259,Michael Brown,2022-10-27
3260,Elizabeth Johnson,2023-01-03
3261,Elizabeth Williams,2022-09-05
3262,Linda Smith,2023-03-26
3263,Michael Davis,2023-05-26
3264,Jennifer Garcia,2022-06-28
3265,Mary Miller,2023-06-29
3266,James Johnson,2022-03-28
3267,Linda Smith,2022-03-11
3268,John Smith,2022-02-07
3269,Jennifer Martinez,2022-07-31
3270,Michael Jones,2022-02-21
3271,Patricia Miller,2022-03-26
3272,Robert Brown,2022-03-30
3273,James Jones,2022-07-11
3274,James Brown,2023-05-11
3275,Jennifer Jones,2023-10-13
3276,Patricia Brown,2022-07-07
3277,Jennifer Brown,2022-05-29
3278,Mary Martinez,2022-09-25
3279,David Brown,2023-03-15
3280,Michael Smith,2022-03-25
3281,Michael Garcia,2023-03-23
3282,Michael Miller,2023-08-14
3283,David Williams,2022-07-29
3284,James Miller,2023-09-30
3285,Elizabeth Miller,2022-10-21
3286,David Martinez,2022-08-26
3287,Mary Jones,2023-03-15
3288,Mary Martinez,2022-04-11
3289,David Johnson,2022-09-01
3290,Patricia Davis,2023-01-09
3291,Patricia Martinez,2022-10-25
3292,Elizabeth Johnson,2022-10-04
3293,Patricia Johnson,2023-04-03
3294,Linda Jones,2023-05-22
3295,Linda Davis,2022-01-01
3296,Patricia Smith,2022-12-12
3297,Robert Martinez,2022-01-12
3298,James Williams,2022-08-26
3299,James Rodriguez,2022-04-24
3300,Robert Jones,2023-07-27
3301,John Jones,2022-02-01
3302,John Martinez,2022-07-18
3303,James Smith,2022-03-03
3304,Michael Garcia,2022-05-29
3305,Jennifer Smith,2022-12-08
3306,Linda Williams,2023-02-10
3307,Mary Miller,2022-03-23
3308,Jennifer Rodriguez,2023-06-04
3309,John Rodriguez,2023-02-20
3310,James Martinez,2023-03-31
3311,Michael Davis,2023-11-05
3312,John Smith,2022-11-24
3313,Patricia Rodriguez,2023-02-19
3314,James Brown,2023-02-27
3315,Mary Smith,2023-11-02
3316,James Miller,2023-05-23
3317,Robert Miller,2023-06-25
3318,Linda Williams,2022-08-02
3319,James Jones,2022-02-01
3320,Robert Rodriguez,2022-04-21
3321,Linda Brown,2022-03-01
3322,Mary Brown,2022-07-22
3323,Jennifer Smith,2022-05-17
3324,Mary Miller,2023-03-10
3325,John Brown,2023-04-24
3326,Linda Smith,2022-06-28
3327,John Garcia,2022-09-03
3328,John Rodriguez,2023-02-15
3329,John Johnson,2022-05-28
3330,David Martinez,2022-03-03
3331,Robert Rodriguez,2023-04-14
3332,Elizabeth Martinez,2022-01-01
3333,James Johnson,2022-08-09
3334,Robert Davis,2023-11-15
3335,James Miller,2022-12-27
3336,James Williams,2022-08-17
3337,Linda Smith,2023-07-05
3338,John Jones,2022-10-28
3339,Linda Davis,2022-09-14
3340,James Williams,2023-06-04
3341,Michael Rodriguez,2022-09-13
3342,Robert Davis,2023-05-16
3343,James Martinez,2022-09-14
3344,Robert Rodriguez,2022-04-29
3345,Patricia Williams,2022-02-08
3346,Michael Jones,2023-01-13
3347,Patricia Brown,2023-01-18
3348,Patricia Williams,2023-01-15
3349,Michael Smith,2022-03-18
3350,John Jones,2022-07-22
3351,James Davis,2022-09-03
3352,Patricia Garcia,2023-11-19
3353,Michael Miller,2022-12-07
3354,Linda Rodriguez,2023-03-08
3355,John Garcia,2022-10-27
3356,Michael Martinez,2022-08-20
3357,Linda Johnson,2022-04-11
3358,Linda Martinez,2023-09-21
3359,David Jones,2023-01-24
3360,Mary Miller,2022-08-24
3361,Linda Williams,2023-08-17
3362,Linda Rodriguez,2022-09-14
3363,Patricia Brown,2022-11-22
3364,Mary Williams,2022-02-17
3365,Patricia Martinez,2023-10-18
3366,Linda Jones,2022-09-30
3367,David Miller,2023-09-26
3368,John Smith,2023-01-24
3369,Michael Johnson,2022-05-19
3370,Michael Garcia,2022-03-20
3371,James Brown,2022-12-19
3372,James Miller,2023-11-12
3373,James Jones,2023-11-14
3374,Patricia Jones,2023-01-13
3375,Mary Brown,2022-03-15
3376,John Miller,2022-12-26
3377,Elizabeth Davis,2023-03-30
3378,Michael Jones,2023-07-28
3379,Elizabeth Smith,2023-06-25
3380,Elizabeth Smith,2022-02-21
3381,John Davis,2023-02-11
3382,Mary Garcia,2022-05-29
3383,Patricia Garcia,2023-10-07
3384,Michael Garcia,2022-04-01
3385,John Brown,2023-03-01
3386,Michael Johnson,2023-07-15
3387,David Miller,2023-03-03
3388,Linda Jones,2023-08-22
3389,Patricia Rodriguez,2022-01-30
3390,David Williams,2022-11-30
3391,Mary Garcia,2022-01-22
3392,Elizabeth Jones,2023-07-31
3393,James Martinez,2022-09-17
3394,Patricia Davis,2023-07-12
3395,Linda Miller,2023-05-05
3396,James Garcia,2022-10-20
3397,Patricia Brown,2023-01-10
3398,Jennifer Brown,2023-01-16
3399,Mary Miller,2023-01-31
3400,Robert Martinez,2022-07-08
3401,Linda Garcia,2022-07-07
3402,David Rodriguez,2023-11-29
3403,Jennifer Johnson,2023-03-27
3404,Jennifer Smith,2023-07-20
3405,Linda Rodriguez,2023-11-01
3406,Mary Davis,2022-06-28
3407,Robert Johnson,2022-04-04
3408,Linda Martinez,2022-04-06
3409,David Rodriguez,2022-06-17
3410,Jennifer Brown,2023-01-24
3411,Robert Jones,2023-02-22
3412,Mary Rodriguez,2023-08-30
3413,James Williams,2023-06-07
3414,Patricia Rodriguez,2022-02-07
3415,Linda Johnson,2023-04-02
3416,Jennifer Rodriguez,2022-10-14
3417,Linda Rodriguez,2023-05-08
3418,James Davis,2023-09-05
3419,Jennifer Miller,2023-02-22
3420,Robert Martinez,2022-12-22
3421,John Davis,2022-10-11
3422,Linda Johnson,2023-11-18
3423,James Garcia,2023-04-30
3424,Jennifer Rodriguez,2023-09-25
3425,Robert Martinez,2023-10-17
3426,Elizabeth Johnson,2023-04-10
3427,John Smith,2022-03-19
3428,Michael Miller,2022-02-28
3429,Michael Brown,2022-11-18
3430,Patricia Williams,2023-04-18
3431,Patricia Johnson,2023-01-10
3432,Patricia Smith,2022-08-19
3433,David Brown,2023-11-04
3434,Jennifer Rodriguez,2022-05-05
3435,Jennifer Johnson,2023-02-05
3436,Jennifer Davis,2022-01-20
3437,Jennifer Garcia,2023-11-02
3438,John Miller,2022-07-15
3439,Mary Martinez,2023-05-20
3440,Jennifer Williams,2023-07-16
3441,Elizabeth Davis,2023-10-10
3442,John Johnson,2022-03-06
3443,Elizabeth Smith,2022-02-23
3444,James Brown,2022-05-22
3445,Michael Brown,2023-05-08
3446,Jennifer Garcia,2023-08-16
3447,Robert Rodriguez,2023-04-07
3448,Robert Davis,2022-10-13
3449,Mary Jones,2022-04-16
3450,Elizabeth Davis,2022-07-06
3451,Patricia Rodriguez,2023-06-28
3452,Jennifer Davis,2023-02-07
3453,Mary Williams,2023-01-08
3454,David Johnson,2022-06-04
3455,David Smith,2023-08-22
3456,Elizabeth Rodriguez,2023-02-22
3457,Michael Rodriguez,2022-05-30
3458,Robert Williams,2023-07-23
3459,Patricia Rodriguez,2023-10-16
3460,Patricia Davis,2023-08-28
3461,James Jones,2022-09-05
3462,Patricia Davis,2023-08-10
3463,Linda Jones,2023-04-10
3464,Michael Rodriguez,2022-10-18
3465,Robert Martinez,2023-02-11
3466,John Jones,2022-02-13
3467,Robert Williams,2022-12-28
3468,Elizabeth Brown,2023-06-18
3469,Robert Jones,2023-05-08
3470,Elizabeth Jones,2023-05-04
3471,Jennifer Johnson,2023-11-16
3472,Robert Williams,2023-07-31
3473,David Miller,2023-11-11
3474,Jennifer Jones,2022-04-16
3475,Mary Rodriguez,2023-05-20
3476,John Jones,2022-12-14
3477,John Garcia,2022-03-03
3478,Patricia Rodriguez,2023-06-28
3479,John Smith,2023-05-05
3480,Patricia Jones,2023-03-26
3481,James Garcia,2022-02-15
3482,Linda Jones,2022-04-08
3483,Robert Garcia,2023-07-21
3484,Elizabeth Brown,2022-06-16
3485,Robert Davis,2023-03-23
3486,Linda Rodriguez,2022-10-27
3487,Patricia Martinez,2022-01-28
3488,John Johnson,2023-05-24
3489,Michael Brown,2023-05-14
3490,Linda Rodriguez,2023-03-18
3491,Patricia Brown,2023-04-16
3492,Patricia Martinez,2022-07-23
3493,David Rodriguez,2023-03-13
3494,Elizabeth Rodriguez,2023-02-08
3495,Linda Jones,2022-11-08
3496,Michael Davis,2023-07-08
3497,Patricia Smith,2023-10-25
3498,Patricia Garcia,2022-01-09
3499,Jennifer Smith,2022-09-05
3500,Linda Garcia,2023-01-30
3501,Michael Jones,2023-08-04
3502,David Williams,2022-10-11
3503,Patricia Jones,2022-01-18
3504,James Jones,2023-04-17
3505,Elizabeth Johnson,2022-11-02
3506,Linda Garcia,2022-09-09
3507,Linda Smith,2023-04-21
3508,Elizabeth Garcia,2023-03-30
3509,James Johnson,2023-10-04
3510,Jennifer Smith,2022-03-12
3511,Patricia Williams,2023-03-14
3512,James Smith,2022-03-25
3513,Patricia Miller,2023-02-17
3514,James Smith,2023-07-30
3515,James Johnson,2023-03-16
3516,Elizabeth Rodriguez,2022-04-19
3517,Patricia Williams,2022-05-17
3518,John Smith,2022-10-16
3519,Linda Smith,2022-11-08
3520,Robert Johnson,2022-12-03
3521,Linda Smith,2022-09-29
3522,John Garcia,2023-01-16
3523,James Smith,2023-09-28
3524,Linda Garcia,2022-01-03
3525,James Smith,2022-02-15
3526,David Miller,2023-04-13
3527,Michael Williams,2022-12-10
3528,Mary Miller,2022-07-04
3529,Mary Brown,2022-12-01
3530,David Rodriguez,2022-04-29
3531,Mary Jones,2023-11-02
3532,John Johnson,2022-02-18
3533,John Brown,2022-05-01
3534,James Garcia,2023-07-17
3535,Elizabeth Brown,2022-05-29
3536,James Garcia,2023-03-08
3537,Robert Williams,2022-05-06
3538,Linda Martinez,2022-09-10
3539,James Davis,2022-01-24
3540,Elizabeth Jones,2023-03-03
3541,Patricia Brown,2022-08-05
3542,James Smith,2023-07-04
3543,Elizabeth Smith,2022-03-30
3544,Patricia Brown,2023-08-11
3545,Elizabeth Johnson,2022-09-23
3546,David Williams,2023-05-24
3547,Michael Rodriguez,2023-08-23
3548,Jennifer Miller,2022-06-19
3549,Mary Davis,2022-10-12
3550,Patricia Davis,2023-08-23
3551,Linda Johnson,2023-11-21
3552,David Davis,2023-10-27
3553,Elizabeth Smith,2022-11-01
3554,David Martinez,2023-01-12
3555,James Garcia,2023-06-02
3556,Michael Brown,2023-03-06
3557,David Martinez,2022-11-20
3558,Elizabeth Smith,2022-12-18
3559,Patricia Johnson,2023-11-25
3560,Patricia Davis,2022-03-14
3561,Michael Brown,2023-07-28
3562,Michael Miller,2022-12-17
3563,David Garcia,2022-08-19
3564,Jennifer Brown,2022-05-15
3565,Elizabeth Jones,2022-11-23
3566,Elizabeth Smith,2022-08-30
3567,John Brown,2022-05-26
3568,Robert Brown,2022-09-05
3569,Linda Rodriguez,2022-02-21
3570,John Jones,2022-03-12
3571,David Brown,2023-08-12
3572,Elizabeth Davis,2022-09-20
3573,Elizabeth Jones,2022-07-29
3574,Jennifer Smith,2022-01-01
3575,Linda Miller,2023-06-01
3576,Elizabeth Martinez,2023-04-25
3577,Robert Johnson,2022-08-28
3578,Elizabeth Garcia,2023-11-13
3579,Elizabeth Jones,2022-11-10
3580,James Rodriguez,2023-06-26
3581,John Davis,2023-08-06
3582,Jennifer Garcia,2022-11-15
3583,John Brown,2022-12-16
3584,James Williams,2023-05-28
3585,Michael Davis,2022-09-12
3586,Mary Smith,2022-03-04
3587,Michael Garcia,2022-09-17
3588,Elizabeth Jones,2023-05-15
3589,Patricia Williams,2023-03-27
3590,Elizabeth Johnson,2022-03-30
3591,Robert Garcia,2022-07-10
3592,Michael Davis,2022-08-14
3593,John Martinez,2022-01-02
3594,Patricia Williams,2023-02-01
3595,Jennifer Miller,2023-03-24
3596,Elizabeth Johnson,2023-04-29
3597,Mary Garcia,2023-09-13
3598,Elizabeth Jones,2023-11-12
3599,Michael Garcia,2022-06-15
3600,John Rodriguez,2022-10-25
3601,Robert Martinez,2023-03-04
3602,John Rodriguez,2023-08-25
3603,Jennifer Brown,2023-06-09
3604,Mary Martinez,2022-09-19
3605,Mary Smith,2023-02-10
3606,Patricia Rodriguez,2023-04-23
3607,James Martinez,2022-06-17
3608,James Brown,2022-01-22
3609,Jennifer Brown,2022-03-28
3610,Patricia Brown,2022-03-19
3611,Robert Smith,2022-03-18
3612,Mary Jones,2022-12-29
3613,John Brown,2023-04-22
3614,David Rodriguez,2023-06-06
3615,David Miller,2022-11-03
3616,Jennifer Johnson,2022-10-28
3617,Elizabeth Brown,2022-05-05
3618,Jennifer Johnson,2023-05-14
3619,Michael Brown,2023-02-11
3620,Patricia Smith,2022-10-05
3621,Robert Johnson,2022-03-09
3622,Elizabeth Brown,2022-01-04
3623,David Garcia,2023-03-05
3624,John Davis,2023-01-13
3625,Jennifer Davis,2022-03-20
3626,Robert Miller,2023-05-19
3627,David Brown,2022-06-17
3628,Elizabeth Davis,2022-02-27
3629,Robert Jones,2023-04-28
3630,Michael Jones,2022-02-09
3631,Michael Rodriguez,2022-05-11
3632,Michael Williams,2023-10-22
3633,Michael Williams,2022-10-28
3634,Robert Johnson,2022-11-09
3635,James Brown,2022-02-23
3636,John Miller,2023-02-05
3637,James Miller,2023-09-02
3638,David Davis,2023-01-24
3639,Jennifer Davis,2022-08-24
3640,James Smith,2023-03-03
3641,Elizabeth Smith,2023-03-19
3642,Jennifer Garcia,2022-05-11
3643,John Smith,2023-01-20
3644,James Brown,2022-01-21
3645,John Smith,2023-01-17
3646,Elizabeth Williams,2022-07-23
3647,Robert Rodriguez,2023-09-06
3648,Michael Williams,2022-03-30
3649,Michael Johnson,2022-07-23
3650,Michael Davis,2022-06-27
3651,Mary Williams,2022-08-13
3652,David Martinez,2023-02-05
3653,John Brown,2023-06-20
3654,Linda Williams,2023-07-15
3655,Elizabeth Jones,2022-09-02
3656,John Johnson,2022-08-24
3657,John Rodriguez,2022-12-03
3658,John Davis,2022-01-24
3659,Patricia Martinez,2023-05-19
3660,Jennifer Miller,2023-04-27
3661,Linda Brown,2023-11-12
3662,Mary Davis,2022-10-02
3663,John Brown,2023-01-20
3664,Robert Brown,2022-05-15
3665,John Smith,2023-09-22
3666,Linda Martinez,2023-08-04
3667,John Davis,2022-07-28
3668,Mary Williams,2022-03-28
3669,Linda Miller,2022-06-28
3670,Elizabeth Rodriguez,2023-02-12
3671,Elizabeth Smith,2022-04-04
3672,Elizabeth Brown,2022-05-19
3673,Elizabeth Smith,2023-04-12
3674,Mary Garcia,2023-09-24
3675,John Martinez,2022-10-20
3676,David Rodriguez,2022-05-25
3677,Michael Johnson,2022-01-01
3678,Jennifer Williams,2022-05-14
3679,David Smith,2023-09-28
3680,David Johnson,2022-07-03
3681,David Johnson,2023-09-08
3682,Robert Brown,2023-11-02
3683,Jennifer Smith,2022-02-12
3684,Patricia Brown,2022-07-06
3685,Linda Rodriguez,2022-12-14
3686,James Rodriguez,2022-08-12
3687,Mary Garcia,2023-06-08
3688,Michael Williams,2022-02-10
3689,James Martinez,2023-02-12
3690,James Miller,2022-09-20
3691,Linda Jones,2023-06-18
3692,Michael Brown,2023-04-27
3693,David Rodriguez,2023-03-05
3694,Michael Davis,2023-11-09
3695,Linda Smith,2022-03-23
3696,James Davis,2023-03-07
3697,Elizabeth Smith,2022-07-23
3698,James Martinez,2023-11-08
3699,Michael Jones,2023-11-20
3700,Jennifer Davis,2022-05-11
3701,Mary Rodriguez,2022-06-08
3702,Linda Davis,2022-11-11
3703,Mary Johnson,2022-02-23
3704,Elizabeth Williams,2022-11-02
3705,John Smith,2023-05-17
3706,Mary Williams,2023-05-27
3707,James Smith,2022-07-07
3708,Linda Smith,2023-11-14
3709,Elizabeth Miller,2023-01-24
3710,John Rodriguez,2023-04-01
3711,Robert Williams,2023-07-17
3712,Elizabeth Smith,2022-03-28
3713,Michael Williams,2022-12-11
3714,Linda Rodriguez,2023-09-21
3715,Michael Garcia,2023-09-02
3716,John Davis,2023-02-16
3717,Robert Garcia,2022-02-10
3718,Elizabeth Martinez,2023-07-09
3719,Robert Davis,2022-07-13
3720,Jennifer Johnson,2022-04-04
3721,Michael Jones,2023-02-07
3722,James Williams,2022-12-18
3723,John Davis,2023-07-27
3724,Patricia Brown,2023-05-05
3725,James Garcia,2022-11-02
3726,Linda Rodriguez,2022-10-26
3727,David Johnson,2022-04-07
3728,David Johnson,2023-07-05
3729,Jennifer Garcia,2022-05-06
3730,Patricia Davis,2022-10-18
3731,John Miller,2023-11-08
3732,Robert Johnson,2022-07-31
3733,Robert Jones,2022-06-19
3734,Robert Martinez,2022-08-02
3735,Linda Rodriguez,2023-07-08
3736,Michael Garcia,2023-10-06
3737,Robert Williams,2023-05-22
3738,Jennifer Brown,2022-02-21
3739,James Davis,2022-08-09
3740,James Jones,2022-11-07
3741,Robert Jones,2022-10-02
3742,Michael Martinez,2022-03-03
3743,Jennifer Jones,2023-04-14
3744,James Rodriguez,2022-06-03
3745,Jennifer Martinez,2023-08-07
3746,Patricia Brown,2023-10-28
3747,Jennifer Miller,2023-08-18
3748,Elizabeth Davis,2022-06-30
3749,James Davis,2023-07-16
3750,Linda Garcia,2022-04-13
3751,John Rodriguez,2023-08-24
3752,Michael Martinez,2023-06-30
3753,Elizabeth Brown,2022-02-19
3754,Jennifer Miller,2022-01-08
3755,Robert Martinez,2022-06-28
3756,Patricia Williams,2023-07-29
3757,Mary Rodriguez,2022-10-04
3758,Patricia Miller,2023-08-26
3759,James Rodriguez,2023-08-30
3760,Elizabeth Davis,2022-05-15
3761,David Johnson,2023-11-27
3762,James Davis,2022-09-16
3763,James Jones,2022-08-11
3764,James Johnson,2022-05-27
3765,James Miller,2023-04-16
3766,Patricia Davis,2023-07-10
3767,Robert Rodriguez,2022-10-16
3768,Linda Miller,2022-11-07
3769,David Martinez,2022-07-25
3770,Michael Smith,2022-12-14
3771,John Brown,2022-06-05
3772,John Brown,2023-10-10
3773,Michael Rodriguez,2022-10-30
3774,Michael Brown,2023-06-16
3775,David Rodriguez,2023-06-06
3776,Patricia Davis,2022-03-25
3777,Patricia Johnson,2022-01-18
3778,Mary Miller,2023-09-08
3779,Robert Garcia,2023-02-14
3780,Michael Davis,2023-02-03
3781,Mary Jones,2022-10-07
3782,James Rodriguez,2022-12-09
3783,Jennifer Martinez,2023-01-09
3784,Jennifer Johnson,2023-02-24
3785,John Johnson,2022-09-04
3786,Mary Martinez,2022-06-04
3787,John Martinez,2023-05-19
3788,John Brown,2023-08-24
3789,David Smith,2023-11-06
3790,John Williams,2023-01-25
3791,Robert Martinez,2022-01-16
3792,Elizabeth Davis,2022-06-10
3793,Michael Johnson,2023-04-14
3794,Patricia Miller,2023-10-25
3795,Michael Davis,2022-03-22
3796,Jennifer Rodriguez,2023-10-09
3797,Robert Jones,2022-03-24
3798,Michael Martinez,2022-02-02
3799,Robert Rodriguez,2023-08-29
3800,Elizabeth Jones,2023-11-07
3801,John Brown,2022-08-01
3802,David Rodriguez,2022-08-17
3803,Jennifer Jones,2023-08-05
3804,Jennifer Davis,2022-09-03
3805,Linda Miller,2022-06-22
3806,Robert Garcia,2023-05-05
3807,Linda Smith,2022-08-28
3808,David Martinez,2023-02-05
3809,John Smith,2023-04-08
3810,Michael Miller,2023-01-11
3811,James Williams,2022-06-26
3812,Jennifer Davis,2023-09-17
3813,David Smith,2022-04-17
3814,Michael Garcia,2022-01-05
3815,Jennifer Davis,2023-07-20
3816,David Brown,2022-05-20
3817,John Rodriguez,2022-06-23
3818,Linda Garcia,2022-01-31
3819,Jennifer Davis,2022-10-03
3820,David Williams,2022-12-25
3821,Mary Smith,2022-02-18
3822,Elizabeth Smith,2022-02-07
3823,Elizabeth Garcia,2022-11-02
3824,Patricia Johnson,2022-06-25
3825,John Davis,2022-12-04
3826,Robert Martinez,2022-07-07
3827,Robert Miller,2022-01-20
3828,Jennifer Jones,2022-12-14
3829,Jennifer Rodriguez,2022-06-06
3830,James Miller,2022-10-16
3831,Linda Davis,2022-05-06
3832,Patricia Jones,2023-09-03
3833,David Martinez,2022-10-14
3834,Patricia Garcia,2022-11-24
3835,Patricia Williams,2023-07-22
3836,Mary Miller,2023-09-24
3837,Linda Miller,2022-04-11
3838,David Garcia,2023-04-28
3839,David Smith,2022-10-25
3840,Elizabeth Martinez,2022-05-19
3841,Elizabeth Williams,2022-09-05
3842,Elizabeth Jones,2023-08-22
3843,Mary Smith,2023-04-09
3844,Patricia Smith,2022-11-18
3845,Michael Jones,2022-06-17
3846,Robert Johnson,2022-06-07
3847,Elizabeth Williams,2022-04-26
3848,Michael Jones,2022-12-02
3849,Mary Johnson,2022-05-26
3850,Robert Jones,2023-02-23
3851,Robert Garcia,2022-04-02
3852,Linda Rodriguez,2023-11-17
3853,Linda Martinez,2023-07-16
3854,Linda Martinez,2023-05-07
3855,Robert Garcia,2022-08-28
3856,Jennifer Rodriguez,2023-11-08
3857,Linda Brown,2022-04-07
3858,Michael Brown,2023-09-20
3859,Mary Martinez,2023-02-15
3860,Mary Smith,2022-10-09
3861,Jennifer Brown,2023-10-24
3862,Elizabeth Davis,2022-09-07
3863,John Williams,2023-01-13
3864,Robert Garcia,2022-11-11
3865,Linda Rodriguez,2022-10-04
3866,Mary Brown,2022-06-04
3867,James Davis,2023-10-08
3868,Jennifer Williams,2022-12-18
3869,Michael Miller,2022-11-21
3870,Michael Rodriguez,2023-06-13
3871,Elizabeth Johnson,2023-06-30
3872,David Garcia,2023-10-20
3873,Mary Brown,2022-12-03
3874,Michael Jones,2022-05-10
3875,Michael Smith,2022-04-04
3876,Jennifer Johnson,2022-02-26
3877,Linda Smith,2022-01-25
3878,David Johnson,2023-05-05
3879,Patricia Garcia,2023-10-11
3880,John Williams,2022-02-04
3881,John Brown,2022-11-06
3882,Robert Jones,2022-12-19
3883,Patricia Garcia,2022-06-30
3884,David Davis,2022-05-01
3885,Michael Rodriguez,2022-12-10
3886,Jennifer Williams,2022-06-30
3887,David Miller,2022-06-05
3888,Robert Davis,2022-06-12
3889,Jennifer Davis,2023-06-01
3890,Linda Jones,2023-02-17
3891,Jennifer Davis,2023-08-07
3892,James Garcia,2023-05-18
3893,Michael Rodriguez,2022-07-05
3894,Linda Jones,2022-03-25
3895,Linda Martinez,2022-07-03
3896,Patricia Jones,2022-09-18
3897,Robert Miller,2023-10-30
3898,James Williams,2022-01-06
3899,John Jones,2022-05-06
3900,Elizabeth Williams,2023-06-10
3901,Mary Williams,2023-06-02
3902,John Johnson,2022-06-29
3903,Robert Garcia,2022-07-16
3904,Robert Williams,2022-10-19
3905,David Rodriguez,2023-07-29
3906,Robert Jones,2023-06-07
3907,Mary Smith,2023-09-19
3908,Jennifer Garcia,2022-06-20
3909,Patricia Smith,2023-06-13
3910,Michael Smith,2023-01-23
3911,David Smith,2022-11-23
3912,James Rodriguez,2022-09-22
3913,Patricia Johnson,2022-02-21
3914,Mary Jones,2023-06-12
3915,Michael Miller,2023-05-23
3916,Mary Miller,2022-03-22
3917,Robert Garcia,2023-05-26
3918,Linda Jones,2023-01-09
3919,John Johnson,2023-07-25
3920,Patricia Miller,2022-07-31
3921,Robert Miller,2023-10-16
3922,Michael Johnson,2023-06-01
3923,Elizabeth Jones,2022-08-04
3924,David Brown,2022-04-21
3925,Robert Garcia,2022-09-17
3926,Elizabeth Jones,2022-07-13
3927,Linda Rodriguez,2023-01-03
3928,John Smith,2023-10-05
3929,Mary Davis,2022-12-24
3930,Jennifer Garcia,2022-09-09
3931,John Johnson,2022-10-08
3932,Patricia Johnson,2023-11-02
3933,Linda Miller,2023-07-06
3934,Elizabeth Jones,2022-06-18
3935,Mary Brown,2022-03-10
3936,Mary Williams,2022-11-23
3937,Jennifer Davis,2022-12-27
3938,Elizabeth Martinez,2022-08-09
3939,Elizabeth Johnson,2022-03-17
3940,Robert Jones,2023-02-14
3941,John Johnson,2022-12-09
3942,David Brown,2022-06-19
3943,David Davis,2022-03-18
3944,Mary Jones,2022-10-30
3945,Patricia Williams,2022-06-01
3946,John Davis,2023-04-30
3947,Linda Brown,2022-12-05
3948,Elizabeth Jones,2023-04-05
3949,James Williams,2022-11-11
3950,Jennifer Garcia,2023-03-02
3951,Robert Davis,2022-06-30
3952,David Miller,2023-04-07
3953,Elizabeth Martinez,2023-08-22
3954,Patricia Williams,2023-09-22
3955,John Johnson,2022-08-16
3956,Mary Davis,2023-08-27
3957,Mary Brown,2022-05-24
3958,Patricia Rodriguez,2022-08-22
3959,John Miller,2022-11-06
3960,David Martinez,2023-07-22
3961,Mary Davis,2022-10-07
3962,John Brown,2022-03-05
3963,Patricia Garcia,2023-01-01
3964,Michael Martinez,2022-10-27
3965,Mary Smith,2022-07-21
3966,Michael Miller,2023-04-30
3967,Elizabeth Jones,2022-08-30
3968,Patricia Martinez,2022-05-18
3969,James Williams,2023-05-09
3970,Michael Williams,2023-06-03
3971,Jennifer Davis,2023-08-09
3972,Elizabeth Brown,2023-07-14
3973,Jennifer Martinez,2023-01-29
3974,Robert Rodriguez,2023-10-30
3975,Robert Johnson,2023-02-02
3976,James Davis,2023-06-30
3977,Patricia Martinez,2023-01-05
3978,Jennifer Martinez,2022-03-24
3979,Elizabeth Jones,2022-08-08
3980,James Smith,2023-01-20
3981,Michael Rodriguez,2022-08-11
3982,David Johnson,2023-02-12
3983,John Johnson,2022-07-28
3984,Patricia Brown,2022-01-04
3985,James Miller,2022-09-10
3986,Michael Johnson,2023-07-27
3987,Robert Smith,2023-04-14
3988,Mary Miller,2023-08-18
3989,Michael Johnson,2022-01-23
3990,James Brown,2023-05-09
3991,David Davis,2022-08-11
3992,Jennifer Jones,2022-07-17
3993,David Martinez,2022-03-20
3994,Elizabeth Brown,2022-06-10
3995,Jennifer Rodriguez,2022-09-16
3996,Jennifer Martinez,2022-04-15
3997,John Garcia,2023-09-18
3998,James Williams,2023-08-08
3999,Mary Garcia,2023-06-05
4000,Patricia Davis,2023-02-13
4001,Linda Rodriguez,2023-06-03
4002,James Brown,2023-09-05
4003,Patricia Brown,2022-04-17
4004,Robert Williams,2022-05-20
4005,Michael Rodriguez,2022-06-30
4006,James Brown,2022-12-26
4007,Mary Miller,2023-04-17
4008,James Williams,2022-11-10
4009,Elizabeth Jones,2022-06-15
4010,Elizabeth Williams,2023-05-24
4011,John Rodriguez,2022-06-15
4012,Elizabeth Brown,2023-02-24
4013,Robert Garcia,2022-06-22
4014,Robert Smith,2022-11-27
4015,Patricia Williams,2022-01-04
4016,James Brown,2022-07-15
4017,John Smith,2022-10-22
4018,Robert Miller,2022-04-11
4019,Michael Brown,2022-06-26
4020,David Miller,2022-09-08
4021,Mary Miller,2023-08-13
4022,John Miller,2023-10-25
4023,Linda Williams,2022-09-23
4024,Elizabeth Martinez,2022-04-27
4025,John Williams,2022-12-12
4026,Jennifer Miller,2022-04-18
4027,Mary Rodriguez,2023-06-14
4028,Mary Miller,2022-12-11
4029,Michael Johnson,2022-10-27
4030,Robert Rodriguez,2022-06-29
4031,David Williams,2022-01-23
4032,David Smith,2022-07-07
4033,Elizabeth Davis,2022-12-05
4034,Jennifer Brown,2023-03-26
4035,James Williams,2023-07-29
4036,David Smith,2022-08-03
4037,Elizabeth Garcia,2023-10-28
4038,Linda Jones,2022-01-12
4039,Jennifer Martinez,2022-05-22
4040,Jennifer Williams,2023-06-17
4041,Linda Miller,2023-01-13
4042,Robert Brown,2023-11-12
4043,Elizabeth Davis,2022-06-04
4044,Patricia Garcia,2023-02-13
4045,Elizabeth Garcia,2022-09-13
4046,Elizabeth Brown,2023-03-06
4047,Elizabeth Williams,2022-02-15
4048,Elizabeth Johnson,2023-06-15
4049,Linda Miller,2023-03-03
4050,David Johnson,2023-10-04
4051,James Johnson,2023-06-25
4052,Mary Johnson,2022-08-19
4053,Michael Johnson,2023-09-22
4054,Patricia Garcia,2023-06-21
4055,David Davis,2022-05-10
4056,David Smith,2022-10-05
4057,David Smith,2022-12-26
4058,Robert Miller,2022-07-31
4059,Linda Miller,2023-06-16
4060,Elizabeth Martinez,2022-01-21
4061,Elizabeth Davis,2022-04-01
4062,Jennifer Jones,2022-05-17
4063,Michael Rodriguez,2022-09-22
4064,David Davis,2023-08-04
4065,Robert Rodriguez,2022-12-30
4066,Michael Martinez,2022-03-30
4067,Elizabeth Johnson,2023-06-28
4068,Michael Martinez,2023-06-02
4069,James Miller,2023-04-06
4070,James Johnson,2022-04-05
4071,Patricia Williams,2022-04-13
4072,Jennifer Garcia,2022-11-02
4073,James Johnson,2022-08-17
4074,Michael Jones,2023-02-09
4075,Robert Miller,2023-02-27
4076,Linda Rodriguez,2023-08-11
4077,Patricia Williams,2022-04-10
4078,Linda Smith,2023-07-17
4079,Michael Martinez,2022-06-04
4080,David Williams,2023-03-31
4081,Jennifer Davis,2022-05-06
4082,Elizabeth Smith,2023-03-22
4083,Jennifer Rodriguez,2022-01-15
4084,Patricia Smith,2023-02-03
4085,Linda Rodriguez,2023-05-02
4086,David Martinez,2023-06-04
4087,Robert Williams,2022-08-28
4088,Linda Jones,2023-03-28
4089,John Johnson,2023-05-31
4090,Patricia Martinez,2022-02-24
4091,Robert Jones,2022-06-29
4092,Jennifer Williams,2023-05-20
4093,Jennifer Garcia,2023-10-15
4094,James Johnson,2023-11-29
4095,David Miller,2023-02-09
4096,David Martinez,2022-04-03
4097,John Smith,2022-06-16
4098,Michael Martinez,2022-09-26
4099,Elizabeth Jones,2023-10-02
4100,Patricia Martinez,2023-03-02
4101,James Brown,2022-09-23
4102,David Brown,2022-07-29
4103,John Jones,2022-01-24
4104,Linda Smith,2022-08-03
4105,Linda Johnson,2023-09-13
4106,Michael Johnson,2023-07-20
4107,John Williams,2022-05-18
4108,James Jones,2022-01-23
4109,Mary Brown,2023-05-09
4110,Linda Brown,2023-11-23
4111,David Miller,2022-11-19
4112,James Jones,2022-09-12
4113,Michael Martinez,2022-06-24
4114,John Johnson,2022-06-20
4115,John Garcia,2023-07-06
4116,John Jones,2023-05-24
4117,Jennifer Miller,2023-08-16
4118,Linda Rodriguez,2022-10-18
4119,Linda Garcia,2022-05-22
4120,Mary Williams,2022-06-01
4121,Patricia Rodriguez,2023-03-28
4122,Michael Smith,2023-10-27
4123,Jennifer Jones,2023-09-12
4124,James Miller,2022-06-28
4125,John Martinez,2022-10-07
4126,Michael Brown,2022-12-18
4127,Robert Martinez,2022-12-27
4128,Michael Jones,2023-09-19
4129,John Williams,2023-10-18
4130,Elizabeth Brown,2023-01-01
4131,Linda Brown,2023-05-02
4132,Michael Davis,2022-04-28
4133,Jennifer Garcia,2023-11-07
4134,James Smith,2023-01-03
4135,Mary Jones,2022-08-28
4136,Mary Rodriguez,2023-04-21
4137,Mary Martinez,2023-08-10
4138,Jennifer Johnson,2022-11-15
4139,Jennifer Brown,2022-12-06
4140,Michael Martinez,2023-10-22
4141,Mary Johnson,2023-01-02
4142,Patricia Garcia,2023-10-05
4143,Patricia Martinez,2022-09-07
4144,Linda Jones,2023-02-15
4145,David Davis,2023-07-17
4146,Linda Jones,2023-11-09
4147,Elizabeth Miller,2023-10-01
4148,Michael Rodriguez,2022-04-07
4149,Linda Garcia,2022-07-30
4150,John Garcia,2022-08-10
4151,Robert Jones,2023-10-08
4152,Elizabeth Martinez,2022-12-11
4153,James Johnson,2023-11-16
4154,Mary Williams,2022-10-15
4155,Jennifer Garcia,2022-03-25
4156,James Smith,2022-04-25
4157,Elizabeth Garcia,2022-07-04
4158,David Jones,2022-10-16
4159,Linda Miller,2022-11-08
4160,Michael Johnson,2022-03-24
4161,Patricia Martinez,2023-06-25
4162,Jennifer Williams,2023-03-31
4163,Michael Miller,2022-11-06
4164,Elizabeth Brown,2022-02-15
4165,Linda Williams,2023-07-30
4166,David Miller,2022-01-28
4167,Jennifer Smith,2022-07-08
4168,John Smith,2022-07-20
4169,Mary Rodriguez,2023-03-26
4170,Elizabeth Miller,2022-07-19
4171,John Rodriguez,2023-03-09
4172,Patricia Miller,2022-05-12
4173,Linda Johnson,2022-12-26
4174,James Martinez,2022-10-24
4175,Robert Davis,2022-10-12
4176,John Rodriguez,2022-05-15
4177,David Johnson,2023-08-18
4178,Mary Rodriguez,2022-06-24
4179,John Martinez,2023-05-04
4180,James Martinez,2022-06-20
4181,James Brown,2022-12-09
4182,Elizabeth Brown,2023-10-19
4183,Patricia Martinez,2023-01-21
4184,Robert Jones,2022-08-04
4185,Jennifer Miller,2023-07-07
4186,James Martinez,2023-06-28
4187,James Miller,2022-11-19
4188,Jennifer Rodriguez,2022-06-27
4189,Robert Miller,2022-09-26
4190,Mary Brown,2022-04-16
4191,David Williams,2022-05-23
4192,Patricia Jones,2022-12-29
4193,Michael Johnson,2022-06-06
4194,David Brown,2023-04-12
4195,Jennifer Garcia,2023-01-21
4196,Elizabeth Johnson,2023-04-07
4197,Robert Jones,2023-11-10
4198,John Martinez,2022-10-22
4199,Mary Jones,2022-09-29
4200,Robert Davis,2023-01-20
4201,Jennifer Miller,2023-07-21
4202,Patricia Johnson,2022-11-26
4203,David Rodriguez,2023-04-16
4204,Linda Jones,2022-01-24
4205,Linda Miller,2022-10-02
4206,David Williams,2023-08-12
4207,Patricia Jones,2022-06-13
4208,James Smith,2023-09-06
4209,James Williams,2022-01-11
4210,Elizabeth Smith,2022-12-14
4211,Jennifer Jones,2022-08-11
4212,Jennifer Johnson,2023-07-28
4213,John Jones,2022-03-12
4214,Elizabeth Rodriguez,2023-03-03
4215,Linda Davis,2022-08-10
4216,Mary Smith,2022-11-02
4217,James Smith,2022-08-18
4218,Elizabeth Williams,2023-02-22
4219,Robert Garcia,2023-03-28
4220,Patricia Smith,2023-08-31
4221,John Garcia,2022-11-28
4222,Mary Williams,2023-05-16
4223,Michael Rodriguez,2022-10-03
4224,David Martinez,2022-09-22
4225,Elizabeth Miller,2023-02-08
4226,Elizabeth Brown,2022-07-02
4227,Linda Garcia,2022-06-18
4228,Michael Johnson,2023-02-18
4229,Michael Martinez,2022-12-18
4230,Elizabeth Brown,2022-01-01
4231,Linda Jones,2023-06-12
4232,Patricia Garcia,2022-01-06
4233,Jennifer Smith,2022-04-22
4234,Elizabeth Davis,2023-03-26
4235,John Davis,2023-02-13
4236,Elizabeth Garcia,2022-09-05
4237,Mary Williams,2022-12-14
4238,Jennifer Brown,2023-03-30
4239,Michael Williams,2022-05-27
4240,Robert Martinez,2023-09-06
4241,Linda Rodriguez,2023-05-30
4242,John Brown,2023-11-01
4243,Mary Williams,2023-09-08
4244,Elizabeth Martinez,2022-08-21
4245,Robert Miller,2022-05-06
4246,Mary Martinez,2023-10-20
4247,Linda Johnson,2022-03-14
4248,John Jones,2023-05-08
4249,Elizabeth Martinez,2023-06-27
4250,David Martinez,2022-01-09
4251,Robert Rodriguez,2022-02-20
4252,David Smith,2022-05-20
4253,David Brown,2022-04-20
4254,John Smith,2022-08-10
4255,James Williams,2023-03-08
4256,Mary Martinez,2022-05-13
4257,Mary Smith,2022-03-29
4258,Jennifer Rodriguez,2023-07-27
4259,Robert Williams,2023-10-14
4260,John Martinez,2023-08-29
4261,James Rodriguez,2022-08-07
4262,Robert Martinez,2023-03-17
4263,Mary Garcia,2023-01-11
4264,James Garcia,2023-04-30
4265,Mary Davis,2022-02-20
4266,Michael Miller,2022-10-26
4267,Elizabeth Garcia,2022-11-17
4268,Mary Johnson,2022-10-01
4269,Jennifer Davis,2022-09-05
4270,Patricia Johnson,2022-01-26
4271,Elizabeth Davis,2023-03-18
4272,David Williams,2023-03-14
4273,Robert Williams,2022-08-17
4274,Michael Brown,2023-04-28
4275,Robert Smith,2023-10-14
4276,Mary Miller,2023-11-08
4277,Jennifer Miller,2023-03-06
4278,Michael Martinez,2022-05-04
4279,Robert Williams,2023-11-19
4280,David Jones,2023-05-15
4281,Michael Jones,2022-06-10
4282,Patricia Garcia,2023-10-23
4283,Linda Johnson,2022-12-19
4284,Linda Miller,2023-10-20
4285,Jennifer Brown,2022-04-13
4286,David Williams,2022-04-29
4287,Elizabeth Smith,2022-05-09
4288,Elizabeth Rodriguez,2022-04-08
4289,Patricia Johnson,2022-11-09
4290,Patricia Rodriguez,2022-01-08
4291,David Miller,2023-05-09
4292,Robert Williams,2022-12-15
4293,Robert Davis,2022-02-18
4294,Mary Smith,2023-11-27
4295,Robert Garcia,2022-04-27
4296,Elizabeth Garcia,2022-11-16
4297,Patricia Rodriguez,2023-06-09
4298,Robert Davis,2023-07-18
4299,Robert Davis,2022-08-02
4300,Linda Johnson,2023-06-18
4301,James Johnson,2023-08-05
4302,Robert Brown,2022-11-04
4303,Elizabeth Smith,2022-09-28
4304,James Martinez,2023-03-20
4305,Linda Johnson,2023-06-30
4306,Patricia Brown,2023-09-17
4307,Jennifer Brown,2022-03-03
4308,David Williams,2023-08-30
4309,Patricia Brown,2022-10-26
4310,Michael Smith,2022-12-17
4311,Michael Johnson,2022-06-30
4312,Robert Smith,2023-05-24
4313,Linda Davis,2022-09-30
4314,James Jones,2023-05-18
4315,Michael Williams,2023-05-11
4316,James Miller,2023-04-14
4317,Jennifer Martinez,2023-06-26
4318,Jennifer Smith,2022-04-20
4319,James Garcia,2023-09-10
4320,James Smith,2023-09-11
4321,Michael Miller,2022-10-05
4322,Michael Jones,2022-03-18
4323,David Smith,2023-05-27
4324,Elizabeth Davis,2023-10-05
4325,Mary Johnson,2023-08-17
4326,Elizabeth Williams,2022-08-31
4327,Patricia Brown,2023-11-23
4328,Jennifer Rodriguez,2023-07-17
4329,Elizabeth Davis,2023-07-23
4330,Linda Williams,2022-06-16
4331,John Smith,2023-10-13
4332,Mary Davis,2023-06-19
4333,David Garcia,2022-03-08
4334,Linda Garcia,2022-10-15
4335,Michael Miller,2022-02-14
4336,Linda Garcia,2022-05-10
4337,Jennifer Johnson,2022-12-27
4338,Elizabeth Smith,2022-11-22
4339,Linda Williams,2023-02-21
4340,Jennifer Davis,2023-02-16
4341,Robert Jones,2023-07-23
4342,Patricia Smith,2023-10-24
4343,Linda Brown,2023-10-27
4344,Mary Brown,2023-06-05
4345,James Miller,2022-11-04
4346,Linda Miller,2023-04-28
4347,Michael Rodriguez,2022-01-04
4348,David Garcia,2022-06-06
4349,Robert Martinez,2022-02-17
4350,Michael Johnson,2022-04-26
4351,Michael Williams,2022-03-18
4352,Linda Davis,2022-09-12
4353,John Smith,2022-07-18
4354,James Rodriguez,2023-02-07
4355,Robert Smith,2023-11-21
4356,Robert Brown,2022-04-30
4357,Patricia Davis,2023-04-20
4358,Linda Smith,2023-08-25
4359,Elizabeth Martinez,2023-09-25
4360,Patricia Martinez,2023-05-09
4361,Linda Williams,2023-08-06
4362,David Williams,2022-11-26
4363,Jennifer Williams,2022-09-08
4364,Robert Garcia,2022-06-27
4365,James Davis,2023-04-18
4366,Jennifer Brown,2023-07-24
4367,Patricia Johnson,2023-12-01
4368,David Davis,2023-08-27
4369,John Garcia,2023-07-19
4370,David Davis,2023-04-19
4371,David Davis,2022-01-15
4372,Patricia Johnson,2023-01-30
4373,David Brown,2022-02-14
4374,Jennifer Rodriguez,2022-12-13
4375,James Smith,2023-08-27
4376,James Williams,2023-10-09
4377,Robert Smith,2022-08-15
4378,Robert Brown,2023-07-27
4379,Michael Garcia,2022-10-04
4380,Michael Garcia,2023-05-02
4381,James Johnson,2023-03-28
4382,David Jones,2022-08-14
4383,Mary Rodriguez,2023-11-01
4384,Linda Williams,2023-07-05
4385,Robert Miller,2022-04-19
4386,Jennifer Jones,2022-04-05
4387,James Williams,2023-07-13
4388,Jennifer Davis,2022-05-27
4389,James Davis,2022-11-13
4390,Linda Miller,2022-07-30
4391,David Jones,2023-09-20
4392,Linda Davis,2023-11-07
4393,Linda Rodriguez,2023-06-18
4394,Linda Johnson,2023-06-23
4395,John Davis,2023-10-31
4396,David Martinez,2023-09-06
4397,Patricia Smith,2022-04-13
4398,Mary Smith,2023-06-06
4399,Robert Davis,2022-09-20
4400,Linda Miller,2022-08-01
4401,John Martinez,2023-07-30
4402,Robert Smith,2022-09-10
4403,James Miller,2022-12-21
4404,David Smith,2023-02-01
4405,David Smith,2023-03-16
4406,Robert Jones,2022-11-09
4407,James Smith,2022-03-07
4408,David Miller,2023-09-17
4409,James Johnson,2022-08-30
4410,John Johnson,2023-04-10
4411,Robert Johnson,2022-06-14
4412,David Smith,2022-08-01
4413,Robert Martinez,2022-03-09
4414,Robert Davis,2022-04-24
4415,Jennifer Johnson,2022-03-13
4416,Mary Johnson,2022-09-23
4417,Linda Johnson,2022-08-08
4418,Mary Brown,2022-11-07
4419,Mary Smith,2022-06-03
4420,James Rodriguez,2023-01-24
4421,Robert Martinez,2022-08-18
4422,Patricia Johnson,2023-03-31
4423,James Davis,2023-05-24
4424,Mary Rodriguez,2023-07-17
4425,Robert Jones,2022-10-14
4426,Patricia Garcia,2022-11-19
4427,David Martinez,2023-11-11
4428,Robert Rodriguez,2023-03-07
4429,Linda Smith,2022-04-23
4430,Patricia Miller,2022-08-29
4431,Linda Jones,2023-08-03
4432,Elizabeth Brown,2022-07-07
4433,Mary Williams,2022-04-16
4434,Mary Johnson,2022-11-15
4435,Mary Smith,2023-10-04
4436,Patricia Smith,2023-06-12
4437,Robert Brown,2022-12-19
4438,Jennifer Garcia,2022-12-23
4439,John Jones,2022-02-27
4440,James Martinez,2023-04-09
4441,Linda Brown,2022-12-14
4442,Patricia Williams,2022-01-31
4443,John Jones,2023-02-28
4444,Michael Williams,2022-12-23
4445,David Davis,2023-02-14
4446,Robert Smith,2022-08-14
4447,Robert Martinez,2023-07-22
4448,Patricia Rodriguez,2023-07-02
4449,Robert Williams,2023-10-27
4450,James Miller,2023-11-16
4451,Mary Smith,2022-02-26
4452,Mary Martinez,2022-10-29
4453,John Miller,2023-11-23
4454,Robert Johnson,2022-11-07
4455,Mary Johnson,2022-01-15
4456,Elizabeth Brown,2022-07-16
4457,Patricia Johnson,2023-04-02
4458,Elizabeth Miller,2023-04-06
4459,Elizabeth Davis,2022-11-12
4460,John Rodriguez,2022-02-18
4461,James Rodriguez,2023-03-22
4462,Robert Johnson,2022-09-27
4463,John Jones,2023-05-22
4464,James Garcia,2022-08-23
4465,Elizabeth Johnson,2022-05-28
4466,Mary Smith,2022-10-22
4467,John Garcia,2023-11-21
4468,Mary Brown,2022-01-31
4469,Michael Jones,2023-01-14
4470,James Miller,2022-06-12
4471,John Jones,2023-02-24
4472,Robert Brown,2023-06-05
4473,Elizabeth Miller,2022-01-16
4474,James Johnson,2023-08-13
4475,James Martinez,2022-06-15
4476,James Williams,2023-10-27
4477,James Rodriguez,2022-01-06
4478,Michael Miller,2023-09-07
4479,Michael Miller,2023-05-02
4480,James Martinez,2022-03-29
4481,Patricia Miller,2022-05-24
4482,Jennifer Davis,2023-10-25
4483,Patricia Brown,2022-06-29
4484,John Martinez,2023-04-08
4485,Linda Brown,2023-05-24
4486,Jennifer Martinez,2022-05-27
4487,Elizabeth Brown,2022-01-24
4488,Robert Smith,2023-02-12
4489,Robert Rodriguez,2023-11-15
4490,James Jones,2022-04-27
4491,Mary Smith,2023-11-01
4492,Linda Rodriguez,2022-04-26
4493,Patricia Williams,2023-04-21
4494,Elizabeth Rodriguez,2022-09-06
4495,Jennifer Jones,2023-06-05
4496,Robert Smith,2023-06-07
4497,Robert Smith,2022-10-08
4498,Linda Johnson,2022-08-23
4499,Robert Rodriguez,2023-10-10
4500,Linda Johnson,2023-08-05
4501,John Davis,2022-12-09
4502,Patricia Smith,2022-02-26
4503,John Rodriguez,2022-03-02
4504,David Martinez,2022-12-28
4505,James Davis,2022-04-06
4506,Patricia Davis,2022-01-22
4507,Elizabeth Miller,2022-05-18
4508,James Brown,2022-07-10
4509,David Johnson,2022-07-23
4510,Jennifer Miller,2022-08-15
4511,Michael Rodriguez,2022-03-30
4512,Linda Martinez,2022-07-28
4513,Michael Johnson,2022-11-01
4514,Mary Jones,2023-07-23
4515,John Johnson,2022-09-03
4516,Patricia Miller,2023-06-14
4517,David Garcia,2022-12-30
4518,Linda Davis,2023-10-05
4519,Jennifer Smith,2023-02-07
4520,Patricia Smith,2023-06-24
4521,David Jones,2022-01-27
4522,John Davis,2023-09-08
4523,Linda Jones,2022-10-09
4524,James Garcia,2022-08-27
4525,Patricia Rodriguez,2022-08-23
4526,David Garcia,2023-05-13
4527,Michael Garcia,2022-01-06
4528,Michael Garcia,2022-05-23
4529,Mary Rodriguez,2022-03-22
4530,Robert Miller,2022-03-14
4531,John Miller,2023-11-01
4532,Robert Garcia,2022-01-22
4533,Jennifer Brown,2023-09-14
4534,Mary Davis,2022-11-22
4535,James Smith,2023-11-04
4536,Elizabeth Johnson,2022-12-28
4537,David Martinez,2022-01-27
4538,Elizabeth Garcia,2022-07-31
4539,Elizabeth Williams,2023-07-06
4540,Patricia Martinez,2022-11-05
4541,Linda Garcia,2023-11-09
4542,Patricia Smith,2022-06-12
4543,David Miller,2023-07-18
4544,Michael Davis,2023-11-19
4545,Mary Johnson,2023-07-22
4546,Robert Davis,2023-01-14
4547,Linda Brown,2023-08-15
4548,David Jones,2022-10-24
4549,Elizabeth Williams,2022-04-10
4550,James Garcia,2023-02-05
4551,David Brown,2022-08-21
4552,John Brown,2023-10-30
4553,Mary Brown,2022-06-24
4554,Jennifer Miller,2023-10-05
4555,Robert Davis,2023-05-16
4556,Michael Johnson,2022-09-10
4557,Elizabeth Rodriguez,2023-10-21
4558,James Johnson,2022-04-28
4559,Patricia Johnson,2022-09-24
4560,Linda Jones,2023-04-25
4561,Robert Jones,2023-03-24
4562,Jennifer Davis,2022-08-29
4563,Mary Garcia,2023-05-21
4564,Mary Miller,2022-08-10
4565,Jennifer Miller,2023-10-29
4566,Jennifer Davis,2022-12-22
4567,Robert Miller,2023-08-05
4568,Michael Martinez,2022-03-15
4569,David Jones,2023-03-16
4570,Michael Jones,2022-12-28
4571,John Rodriguez,2023-11-29
4572,Elizabeth Rodriguez,2022-08-10
4573,David Smith,2023-11-14
4574,Linda Martinez,2022-10-25
4575,Patricia Williams,2023-05-29
4576,John Davis,2023-06-26
4577,David Williams,2022-06-26
4578,Linda Miller,2022-10-29
4579,David Miller,2022-06-18
4580,Elizabeth Garcia,2023-08-27
4581,Robert Smith,2023-08-14
4582,Mary Smith,2022-11-17
4583,Robert Rodriguez,2023-03-31
4584,Jennifer Jones,2022-05-04
4585,Robert Williams,2022-05-15
4586,Mary Miller,2022-05-02
4587,Jennifer Brown,2022-04-09
4588,Elizabeth Johnson,2023-01-15
4589,Linda Williams,2022-03-11
4590,Linda Rodriguez,2022-07-22
4591,Elizabeth Rodriguez,2022-08-29
4592,Jennifer Smith,2022-11-09
4593,Mary Johnson,2023-01-20
4594,Michael Davis,2023-06-15
4595,James Jones,2023-02-25
4596,Michael Jones,2023-07-20
4597,Michael Rodriguez,2022-03-17
4598,Michael Smith,2022-10-11
4599,Linda Garcia,2023-10-08
4600,Robert Miller,2023-11-30
4601,James Rodriguez,2022-01-08
4602,John Smith,2023-08-24
4603,Patricia Johnson,2023-03-25
4604,Robert Jones,2022-11-27
4605,Mary Brown,2022-03-15
4606,John Johnson,2023-10-27
4607,James Rodriguez,2022-12-28
4608,Robert Davis,2022-09-17
4609,Robert Williams,2022-07-01
4610,Robert Miller,2023-05-22
4611,Mary Smith,2022-08-04
4612,Patricia Williams,2022-04-19
4613,Robert Jones,2023-03-03
4614,Robert Miller,2023-08-10
4615,Jennifer Davis,2022-10-11
4616,Elizabeth Martinez,2022-03-22
4617,Linda Williams,2022-12-19
4618,John Brown,2022-06-29
4619,Jennifer Smith,2023-01-31
4620,Linda Rodriguez,2022-05-25
4621,John Rodriguez,2023-02-22
4622,Michael Garcia,2023-04-21
4623,Mary Davis,2023-11-07
4624,Jennifer Rodriguez,2022-12-01
4625,Mary Martinez,2023-08-31
4626,James Martinez,2022-05-06
4627,John Martinez,2022-03-30
4628,Linda Williams,2023-06-26
4629,Michael Brown,2022-07-11
4630,David Williams,2023-08-04
4631,John Davis,2023-01-23
4632,James Brown,2023-05-04
4633,Mary Smith,2023-07-04
4634,Linda Martinez,2022-06-18
4635,John Garcia,2023-02-18
4636,Michael Brown,2022-09-16
4637,Jennifer Jones,2023-10-20
4638,Mary Garcia,2022-11-25
4639,Mary Rodriguez,2023-02-06
4640,Michael Williams,2023-10-13
4641,Michael Davis,2022-07-27
4642,Michael Williams,2023-09-15
4643,Elizabeth Williams,2022-03-19
4644,David Rodriguez,2023-01-26
4645,Michael Williams,2023-06-23
4646,David Williams,2022-07-14
4647,Patricia Williams,2022-05-06
4648,Elizabeth Garcia,2022-06-18
4649,Michael Garcia,2023-09-09
4650,Patricia Garcia,2022-07-08
4651,Mary Martinez,2022-09-11
4652,James Williams,2023-05-11
4653,Michael Jones,2022-11-16
4654,Michael Rodriguez,2022-10-03
4655,Mary Martinez,2023-06-23
4656,Patricia Martinez,2023-09-03
4657,David Martinez,2023-10-21
4658,Jennifer Miller,2022-07-31
4659,Michael Williams,2023-02-02
4660,John Rodriguez,2023-04-12
4661,Jennifer Martinez,2022-07-03
4662,David Brown,2023-04-11
4663,Linda Johnson,2023-08-02
4664,Jennifer Jones,2023-08-30
4665,James Rodriguez,2022-08-19
4666,Jennifer Rodriguez,2023-02-08
4667,Elizabeth Brown,2022-07-10
4668,Robert Davis,2022-11-11
4669,Robert Garcia,2022-08-25
4670,Michael Davis,2022-09-01
4671,Michael Brown,2022-11-11
4672,Michael Johnson,2022-11-06
4673,Mary Smith,2022-10-24
4674,Mary Brown,2023-05-18
4675,Patricia Johnson,2022-04-09
4676,Jennifer Rodriguez,2023-06-01
4677,Elizabeth Rodriguez,2022-11-12
4678,Mary Garcia,2022-04-16
4679,Robert Williams,2022-11-17
4680,Elizabeth Garcia,2022-08-30
4681,Jennifer Garcia,2023-09-08
4682,Patricia Johnson,2023-01-17
4683,Jennifer Martinez,2023-01-19
4684,Linda Garcia,2023-07-31
4685,Linda Williams,2022-11-19
4686,Elizabeth Jones,2022-02-08
4687,Robert Martinez,2022-02-21
4688,Michael Martinez,2023-10-06
4689,Jennifer Davis,2023-06-16
4690,Jennifer Brown,2022-02-15
4691,Linda Rodriguez,2023-05-22
4692,Michael Rodriguez,2022-07-17
4693,Michael Garcia,2023-10-04
4694,James Rodriguez,2023-06-27
4695,David Martinez,2022-05-21
4696,Linda Williams,2022-06-30
4697,Linda Martinez,2022-10-27
4698,David Davis,2022-05-31
4699,Jennifer Brown,2022-10-30
4700,Patricia Williams,2023-01-20
4701,Robert Smith,2022-01-05
4702,Elizabeth Williams,2022-08-19
4703,Patricia Smith,2023-04-23
4704,Michael Williams,2023-10-28
4705,Mary Martinez,2022-07-24
4706,Michael Garcia,2022-10-03
4707,Jennifer Rodriguez,2022-10-23
4708,Michael Garcia,2023-03-19
4709,James Smith,2022-06-03
4710,Michael Rodriguez,2023-02-27
4711,John Davis,2023-05-10
4712,Elizabeth Garcia,2023-10-31
4713,Mary Miller,2022-08-02
4714,Michael Miller,2023-08-14
4715,Linda Johnson,2023-08-21
4716,Patricia Davis,2023-10-15
4717,Elizabeth Jones,2023-02-20
4718,David Williams,2023-03-13
4719,Linda Martinez,2023-06-17
4720,James Miller,2022-05-04
4721,John Rodriguez,2023-05-20
4722,David Martinez,2022-01-03
4723,Jennifer Garcia,2023-08-09
4724,Patricia Garcia,2022-12-19
4725,Michael Rodriguez,2023-04-12
4726,James Brown,2022-07-03
4727,James Rodriguez,2022-09-06
4728,Patricia Jones,2022-01-15
4729,James Rodriguez,2022-07-03
4730,Jennifer Rodriguez,2022-09-20
4731,Mary Brown,2022-12-28
4732,Elizabeth Miller,2023-07-14
4733,Mary Martinez,2022-09-27
4734,Elizabeth Martinez,2022-12-07
4735,Robert Johnson,2023-07-17
4736,Linda Smith,2022-07-08
4737,Robert Miller,2023-10-06
4738,Elizabeth Williams,2022-10-20
4739,Elizabeth Miller,2023-04-09
4740,Jennifer Johnson,2022-06-11
4741,John Johnson,2023-08-10
4742,Elizabeth Miller,2022-10-20
4743,James Johnson,2022-05-17
4744,Michael Brown,2023-04-15
4745,Elizabeth Martinez,2022-10-11
4746,Mary Jones,2023-03-24
4747,Michael Martinez,2023-09-01
4748,Elizabeth Miller,2023-04-03
4749,Robert Rodriguez,2022-12-30
4750,James Martinez,2023-09-02
4751,James Garcia,2023-01-02
4752,Michael Brown,2023-03-22
4753,Michael Williams,2023-06-06
4754,Mary Williams,2023-07-09
4755,Patricia Johnson,2022-08-05
4756,Jennifer Garcia,2023-09-15
4757,Elizabeth Rodriguez,2022-07-12
4758,Michael Miller,2022-11-11
4759,Michael Johnson,2022-02-11
4760,Robert Miller,2023-04-15
4761,Robert Martinez,2023-03-15
4762,Elizabeth Smith,2023-02-06
4763,Elizabeth Miller,2023-08-28
4764,Patricia Brown,2022-10-01
4765,John Martinez,2023-01-19
4766,Mary Jones,2022-04-24
4767,James Martinez,2022-07-11
4768,John Brown,2022-08-18
4769,Robert Martinez,2023-06-05
4770,Patricia Williams,2023-05-04
4771,Elizabeth Rodriguez,2023-08-26
4772,Michael Davis,2023-02-18
4773,Robert Davis,2023-04-05
4774,Robert Smith,2023-08-14
4775,Linda Garcia,2023-10-27
4776,Linda Brown,2023-05-05
4777,Elizabeth Garcia,2022-07-07
4778,John Miller,2023-11-16
4779,Michael Smith,2022-08-17
4780,Mary Garcia,2022-11-17
4781,Jennifer Garcia,2022-10-14
4782,Mary Jones,2022-02-18
4783,Linda Jones,2023-02-27
4784,Elizabeth Johnson,2022-11-07
4785,David Smith,2022-05-31
4786,James Jones,2023-06-08
4787,David Miller,2022-02-21
4788,Jennifer Smith,2023-01-29
4789,James Williams,2022-03-31
4790,Michael Smith,2023-09-17
4791,Linda Davis,2022-07-04
4792,John Williams,2023-05-04
4793,Linda Brown,2022-03-13
4794,Michael Davis,2022-09-23
4795,Linda Davis,2022-12-01
4796,John Davis,2023-08-17
4797,James Johnson,2022-06-07
4798,Michael Smith,2023-07-04
4799,Robert Johnson,2023-06-08
4800,Robert Miller,2023-02-03
4801,Patricia Davis,2022-12-31
4802,Mary Brown,2023-05-28
4803,Mary Garcia,2023-06-25
4804,James Smith,2022-06-08
4805,James Rodriguez,2022-10-21
4806,Mary Garcia,2022-09-17
4807,Elizabeth Rodriguez,2023-08-10
4808,Patricia Davis,2022-09-16
4809,Patricia Smith,2023-09-28
4810,Linda Jones,2022-10-02
4811,Jennifer Brown,2022-04-16
4812,Elizabeth Rodriguez,2022-02-11
4813,David Jones,2022-01-06
4814,James Williams,2022-06-24
4815,David Garcia,2023-05-26
4816,Mary Williams,2023-09-05
4817,Mary Johnson,2023-09-13
4818,Patricia Johnson,2023-04-18
4819,Patricia Davis,2023-05-24
4820,Robert Martinez,2022-07-26
4821,John Smith,2023-08-09
4822,Mary Smith,2023-04-22
4823,John Rodriguez,2022-11-12
4824,Patricia Brown,2023-07-28
4825,Jennifer Martinez,2023-01-10
4826,Jennifer Garcia,2023-03-11
4827,Elizabeth Martinez,2023-08-26
4828,Jennifer Rodriguez,2022-10-22
4829,Robert Garcia,2022-09-06
4830,Jennifer Smith,2022-10-04
4831,John Jones,2022-07-29
4832,James Garcia,2022-11-29
4833,Robert Miller,2022-09-13
4834,Jennifer Jones,2023-07-18
4835,Jennifer Rodriguez,2022-10-15
4836,John Smith,2023-09-21
4837,David Smith,2023-11-26
4838,John Johnson,2022-09-30
4839,Michael Williams,2023-03-09
4840,James Williams,2023-01-03
4841,Michael Rodriguez,2022-05-18
4842,John Brown,2023-09-07
4843,Robert Smith,2023-06-14
4844,Mary Jones,2022-02-24
4845,Robert Davis,2023-07-30
4846,Patricia Williams,2022-12-27
4847,John Garcia,2022-02-03
4848,Robert Davis,2023-06-17
4849,Mary Smith,2023-07-29
4850,Patricia Johnson,2022-07-10
4851,Elizabeth Rodriguez,2022-08-19
4852,Patricia Rodriguez,2022-05-01
4853,Mary Williams,2022-07-28
4854,Mary Jones,2023-09-03
4855,David Brown,2023-11-23
4856,John Rodriguez,2022-11-12
4857,Robert Johnson,2022-08-12
4858,Mary Rodriguez,2022-03-26
4859,David Jones,2022-09-05
4860,Mary Smith,2023-01-28
4861,James Johnson,2022-03-18
4862,Mary Miller,2022-05-04
4863,Michael Garcia,2023-10-13
4864,Michael Williams,2023-06-17
4865,James Williams,2023-08-09
4866,Michael Brown,2023-03-26
4867,John Miller,2022-04-10
4868,Mary Rodriguez,2022-04-05
4869,Patricia Smith,2022-01-21
4870,Patricia Johnson,2022-03-19
4871,Elizabeth Miller,2023-10-17
4872,Robert Davis,2022-10-22
4873,Elizabeth Miller,2023-01-16
4874,Jennifer Miller,2022-03-17
4875,Elizabeth Jones,2022-07-02
4876,Elizabeth Martinez,2022-12-01
4877,Jennifer Garcia,2022-10-22
4878,Linda Garcia,2022-06-13
4879,John Smith,2022-01-30
4880,Jennifer Smith,2022-02-04
4881,James Garcia,2023-02-02
4882,Michael Garcia,2022-04-17
4883,Robert Martinez,2022-12-01
4884,John Davis,2022-10-29
4885,James Jones,2022-12-26
4886,Linda Martinez,2023-06-23
4887,Jennifer Rodriguez,2022-12-10
4888,David Jones,2022-04-13
4889,Mary Johnson,2023-02-27
4890,John Garcia,2023-09-17
4891,David Davis,2022-03-07
4892,Linda Garcia,2023-01-20
4893,Mary Williams,2023-04-16
4894,Elizabeth Jones,2022-08-22
4895,Jennifer Jones,2023-10-11
4896,James Davis,2023-09-10
4897,David Jones,2023-05-10
4898,Mary Smith,2023-01-11
4899,James Smith,2022-06-30
4900,Elizabeth Jones,2022-12-04
4901,David Garcia,2023-08-24
4902,Mary Brown,2022-02-07
4903,David Jones,2022-12-07
4904,David Garcia,2023-09-26
4905,Robert Miller,2023-07-05
4906,Michael Johnson,2022-06-01
4907,James Johnson,2023-07-22
4908,Elizabeth Rodriguez,2023-09-08
4909,Elizabeth Williams,2022-11-07
4910,Mary Martinez,2023-06-10
4911,John Johnson,2022-07-16
4912,Robert Brown,2022-04-04
4913,Mary Miller,2022-04-21
4914,Jennifer Brown,2023-05-29
4915,Robert Smith,2023-05-06
4916,Linda Martinez,2023-06-27
4917,John Garcia,2022-12-21
4918,James Martinez,2023-01-29
4919,Mary Smith,2023-07-31
4920,Robert Smith,2023-11-22
4921,Robert Jones,2023-01-12
4922,Elizabeth Johnson,2022-01-28
4923,John Miller,2022-09-18
4924,David Miller,2022-05-06
4925,Mary Davis,2022-05-17
4926,David Davis,2022-10-17
4927,Jennifer Davis,2023-11-04
4928,Patricia Brown,2022-08-15
4929,James Johnson,2022-03-27
4930,David Jones,2022-10-31
4931,Michael Brown,2023-04-04
4932,James Garcia,2022-10-27
4933,David Williams,2022-07-30
4934,John Smith,2022-01-12
4935,Mary Martinez,2022-04-06
4936,Elizabeth Jones,2022-03-21
4937,Mary Smith,2022-11-26
4938,Michael Smith,2023-06-17
4939,Elizabeth Martinez,2022-08-29
4940,Elizabeth Martinez,2022-02-20
4941,Jennifer Rodriguez,2022-07-10
4942,Jennifer Miller,2022-04-01
4943,Elizabeth Garcia,2023-03-03
4944,Michael Williams,2023-05-17
4945,James Miller,2023-02-21
4946,Robert Martinez,2022-10-30
4947,James Miller,2023-09-24
4948,Mary Smith,2023-04-10
4949,Michael Brown,2023-08-21
4950,John Johnson,2023-09-27
4951,Linda Johnson,2022-02-15
4952,Elizabeth Martinez,2022-11-05
4953,Linda Johnson,2022-05-16
4954,Jennifer Miller,2022-02-15
4955,Elizabeth Smith,2023-03-29
4956,David Johnson,2023-09-28
4957,Elizabeth Smith,2023-11-24
4958,Elizabeth Jones,2023-05-19
4959,David Brown,2022-06-26
4960,John Brown,2022-09-08
4961,John Miller,2022-05-19
4962,Michael Smith,2022-12-03
4963,Elizabeth Jones,2022-10-15
4964,Mary Johnson,2022-06-12
4965,James Johnson,2022-02-17
4966,Mary Miller,2022-08-28
4967,James Martinez,2023-05-06
4968,Michael Davis,2022-09-01
4969,Linda Johnson,2023-05-03
4970,Elizabeth Smith,2023-02-22
4971,Elizabeth Garcia,2023-08-25
4972,Patricia Johnson,2022-10-29
4973,Michael Davis,2023-03-23
4974,David Williams,2022-06-14
4975,James Smith,2022-12-30
4976,Michael Williams,2023-10-16
4977,James Davis,2023-05-31
4978,Linda Jones,2022-03-11
4979,Elizabeth Rodriguez,2022-07-16
4980,David Williams,2023-05-12
4981,Patricia Brown,2022-09-28
4982,Mary Martinez,2023-11-25
4983,James Garcia,2022-07-31
4984,James Rodriguez,2023-07-16
4985,Mary Martinez,2022-12-05
4986,Elizabeth Davis,2023-07-31
4987,David Rodriguez,2022-11-12
4988,Robert Rodriguez,2022-03-02
4989,Patricia Brown,2023-05-29
4990,David Williams,2023-09-08
4991,Jennifer Garcia,2022-10-23
4992,David Brown,2022-06-29
4993,Robert Martinez,2022-12-31
4994,James Brown,2023-09-12
4995,Linda Jones,2022-06-05
4996,Jennifer Davis,2022-11-10
4997,James Johnson,2023-03-22
4998,Patricia Williams,2023-12-01
4999,Patricia Martinez,2023-07-19
5000,Robert Smith,2022-11-05
